Data Apont.,Cód. Recurso,Cód. Usu. Apont.,Cód. Ordem,Cód. Produto,Nome Produto,Quantidade,Cód. Refugo,Nome Refugo,Cód. Lote,Comentários
31/01/2026 02:35:49,IP0020,fabio.andrade,AALKI401001,I1806,SENSOR DE ROTACAO 1806 INJETADO,1,IP.18.29,Peça Queimada,,
31/01/2026 00:49:12,IP0003,marcia.mayumi,AALHC901001,BP2301,BRACO DO POTENCIOMETRO INJETADO 2301,1,IP.23.26,Peça Falhada,,
30/01/2026 23:29:11,IP0017,andressa.muniz,AALKMC01001,37530,CORPO INJETADO 1703,1,IP.17.44,Conector Baixo,,
30/01/2026 19:52:26,IP0020,marcilene.gomes,AALKI401001,I1806,SENSOR DE ROTACAO 1806 INJETADO,1,IP.18.22,Fio Exposto,,
30/01/2026 17:09:36,IP0019,julian.basaglia,AALKNP01001,1320IA,PRE-FILTRO 1320 INJETADO E COM ANEL,2,IP.13.07,Peça Falhada,,
30/01/2026 15:38:14,IP0003,marcia.mayumi,AALHC901001,BP2301,BRACO DO POTENCIOMETRO INJETADO 2301,1,IP.23.26,Peça Falhada,,
30/01/2026 15:22:03,IP0003,gisele.oliveira,AALHC901001,BP2301,BRACO DO POTENCIOMETRO INJETADO 2301,1,IP.23.08,Finger Amassado,,
30/01/2026 14:59:52,IP0010,lucas.esteves,AAKRDZ02001,31945,ROTOR INJETADO 1601,3,IP.16.07,Imã Quebrado,031225A,
30/01/2026 14:37:59,IP0005,lucas.esteves,AAKRU102001,VI2002,VALVULA INJETADA 2002,3,IP.20.12,Peça Falhada,280126A,
30/01/2026 14:31:12,IP0015,jorge.rodrigues,AALKCE01001,FT2473,FLANGE DO MODULO DE COMBUSTIVEL 2473 P/ INJ. ELETR. S/ EMB,1,IP.24.07,Sem Dispositivo,,
30/01/2026 14:34:43,IP0019,vanessa.neves,AALKNP01001,1320IA,PRE-FILTRO 1320 INJETADO E COM ANEL,1,IP.13.07,Peça Falhada,,
30/01/2026 13:40:24,IP0015,matheus.silva,AALKCE01001,FT2473,FLANGE DO MODULO DE COMBUSTIVEL 2473 P/ INJ. ELETR. S/ EMB,1,IP.24.13,Inserto Tirado Errado,,
30/01/2026 13:01:16,IP0019,julian.basaglia,AALKNP01001,1320IA,PRE-FILTRO 1320 INJETADO E COM ANEL,1,IP.13.22,Peça Contaminada,,
30/01/2026 11:53:21,IP0003,adriana.segati,AALHC901001,BP2301,BRACO DO POTENCIOMETRO INJETADO 2301,1,IP.23.39,Finger Amassado,,
30/01/2026 10:33:29,IP0020,alessandra.mota,AALKI401001,I1806,SENSOR DE ROTACAO 1806 INJETADO,1,IP.18.25,Peça Falhada,,
30/01/2026 10:33:39,IP0018,alessandra.ribeiro,AALKF201001,TI23149.68D,TAMPA INJETADA 23149-68D,1,IP.23.02,Cabo Exposto,,
30/01/2026 09:51:06,IP0020,alessandra.mota,AALKI401001,I1806,SENSOR DE ROTACAO 1806 INJETADO,1,IP.18.29,Peça Queimada,,
30/01/2026 11:53:21,IP0003,adriana.segati,AALHC901001,BP2301,BRACO DO POTENCIOMETRO INJETADO 2301,4,IP.23.75,Finger vincado,,
30/01/2026 11:53:21,IP0003,adriana.segati,AALHC901001,BP2301,BRACO DO POTENCIOMETRO INJETADO 2301,1,IP.23.39,Finger Amassado,,
30/01/2026 08:47:46,IP0018,gisele.oliveira,AALKF201001,TI23149.68D,TAMPA INJETADA 23149-68D,1,IP.23.01,Conector Exposto,,
30/01/2026 08:47:10,IP0031,lucas.esteves,AAJATH01001,143048,CORPO INJETADO 1748,2,IP.17.14,Peça Falhada,280126A,
30/01/2026 08:47:10,IP0031,lucas.esteves,AAJATH01001,143048,CORPO INJETADO 1748,1,IP.17.01,Conector Exposto,280126A,
30/01/2026 07:51:35,IP0005,lucas.esteves,AAKRU102001,VI2002,VALVULA INJETADA 2002,4,IP.20.16,Peça Queimada,280126A,
30/01/2026 07:51:35,IP0005,lucas.esteves,AAKRU102001,VI2002,VALVULA INJETADA 2002,8,IP.20.44,Fio Exposto,280126A,
30/01/2026 07:27:26,IP0018,gisele.oliveira,AALKF201001,TI23149.68D,TAMPA INJETADA 23149-68D,2,IP.23.66,Trava Quebrada,,
30/01/2026 07:25:59,IP0017,luiz.souza,AALKMC01001,37530,CORPO INJETADO 1703,1,IP.17.03,Conector Baixo,,
30/01/2026 10:46:04,IP0015,eduardo.augusto,AALKCE01001,FT2473,FLANGE DO MODULO DE COMBUSTIVEL 2473 P/ INJ. ELETR. S/ EMB,,IP.24.21,Peça Vazando,,
30/01/2026 05:58:27,IP0015,robson.silva,AALKCE01001,FT2473,FLANGE DO MODULO DE COMBUSTIVEL 2473 P/ INJ. ELETR. S/ EMB,1,IP.24.21,Peça Vazando,,
30/01/2026 05:53:00,IP0018,livia.cristina,AALKF201001,TI23149.68D,TAMPA INJETADA 23149-68D,1,IP.23.66,Trava Quebrada,,
30/01/2026 10:45:47,IP0015,eduardo.augusto,AALKCE01001,FT2473,FLANGE DO MODULO DE COMBUSTIVEL 2473 P/ INJ. ELETR. S/ EMB,,IP.24.21,Peça Vazando,,
30/01/2026 03:57:24,IP0015,robson.silva,AALKCE01001,FT2473,FLANGE DO MODULO DE COMBUSTIVEL 2473 P/ INJ. ELETR. S/ EMB,1,IP.24.21,Peça Vazando,,
30/01/2026 02:56:31,IP0029,fabio.andrade,AALKCF01001,I1868,SENSOR DE ROTACAO 1868 INJETADO,1,IP.18.29,Peça Queimada,,
30/01/2026 01:21:40,IP0020,cleber.vilalba,AALKI401001,I1806,SENSOR DE ROTACAO 1806 INJETADO,1,IP.18.29,Peça Queimada,,
30/01/2026 01:03:28,IP0023,marcilene.gomes,AALKI501001,I1849,SENSOR DE ROTACAO 1849 INJETADO,2,IP.18.29,Peça Queimada,,
30/01/2026 01:03:28,IP0023,marcilene.gomes,AALKI501001,I1849,SENSOR DE ROTACAO 1849 INJETADO,1,IP.18.11,Sem Dispositivo,,
30/01/2026 01:02:07,IP0003,marcia.mayumi,AALHC901001,BP2301,BRACO DO POTENCIOMETRO INJETADO 2301,1,IP.23.34,Excesso De Rebarba,,
30/01/2026 01:02:07,IP0003,marcia.mayumi,AALHC901001,BP2301,BRACO DO POTENCIOMETRO INJETADO 2301,1,IP.23.39,Finger Amassado,,
29/01/2026 17:23:11,IP0017,stela.candido,AALKMC01001,37530,CORPO INJETADO 1703,1,IP.17.37,Setup Produção,,
29/01/2026 17:31:52,IP0023,marcilene.gomes,AALKI501001,I1849,SENSOR DE ROTACAO 1849 INJETADO,1,IP.18.29,Peça Queimada,,
29/01/2026 17:23:11,IP0017,stela.candido,AALKMC01001,37530,CORPO INJETADO 1703,3,IP.17.03,Conector Baixo,,
29/01/2026 16:39:27,IP0017,Sara.santos,AALKMC01001,37530,CORPO INJETADO 1703,2,IP.17.40,Setup Liberação,,
29/01/2026 16:09:58,IP0001,lucas.esteves,AALJGU01001,C1863I,CORPO INJETADO 1863,2,IP.18.25,Peça Falhada,200126A,
29/01/2026 16:09:58,IP0001,lucas.esteves,AALJGU01001,C1863I,CORPO INJETADO 1863,2,IP.18.25,Peça Falhada,200126A,
29/01/2026 16:09:58,IP0001,lucas.esteves,AALJGU01001,C1863I,CORPO INJETADO 1863,168,IP.18.35,Peça Presa No Molde,200126A,
29/01/2026 16:08:01,IP0021,lucas.esteves,AALJWM01001,EI119033,EIXO INJETADO 119033,102,IP.X1.39,Componente Invertido,210126A,
29/01/2026 16:06:41,IP0010,lucas.esteves,AAKRDZ02001,31945,ROTOR INJETADO 1601,9,IP.16.15,Sem Rosca,031225A,
29/01/2026 16:06:41,IP0010,lucas.esteves,AAKRDZ02001,31945,ROTOR INJETADO 1601,4,IP.16.07,Imã Quebrado,031225A,
29/01/2026 15:32:20,IP0003,adriana.segati,AALHC901001,BP2301,BRACO DO POTENCIOMETRO INJETADO 2301,2,IP.23.20,Finger Mal Posicionado,,
29/01/2026 15:15:09,IP0029,alessandra.mota,AALKCF01001,I1868,SENSOR DE ROTACAO 1868 INJETADO,1,IP.18.29,Peça Queimada,,
29/01/2026 15:14:03,IP0003,adriana.segati,AALHC901001,BP2301,BRACO DO POTENCIOMETRO INJETADO 2301,6,IP.23.26,Peça Falhada,,
29/01/2026 15:01:49,IP0029,adriana.gibertoni,AALKCF01001,I1868,SENSOR DE ROTACAO 1868 INJETADO,1,IP.18.07,Conector Amassado,,
29/01/2026 14:39:51,IP0029,alessandra.mota,AALKCF01001,I1868,SENSOR DE ROTACAO 1868 INJETADO,1,IP.18.03,Cabo Amassado,,
29/01/2026 14:39:51,IP0029,alessandra.mota,AALKCF01001,I1868,SENSOR DE ROTACAO 1868 INJETADO,2,IP.18.29,Peça Queimada,,
29/01/2026 14:54:29,IP0003,adriana.segati,AALHC901001,BP2301,BRACO DO POTENCIOMETRO INJETADO 2301,1,IP.23.20,Finger Mal Posicionado,,
29/01/2026 12:02:57,IP0011,lucas.esteves,AALJPW01001,FT2416,FLANGE DO MODULO DE COMBUSTIVEL 2416 P/ INJ. ELETR. S/ EMB.,1,IP.24.48,PEÇAS MANCHADAS,230126A,
29/01/2026 12:02:57,IP0011,lucas.esteves,AALJPW01001,FT2416,FLANGE DO MODULO DE COMBUSTIVEL 2416 P/ INJ. ELETR. S/ EMB.,1,IP.24.07,Sem Dispositivo,230126A,
29/01/2026 12:01:18,IP0003,adriana.segati,AALHC901001,BP2301,BRACO DO POTENCIOMETRO INJETADO 2301,1,IP.23.39,Finger Amassado,,
29/01/2026 12:01:18,IP0003,adriana.segati,AALHC901001,BP2301,BRACO DO POTENCIOMETRO INJETADO 2301,1,IP.23.39,Finger Amassado,,
29/01/2026 12:51:22,IP0017,stela.candido,AALKMC01001,37530,CORPO INJETADO 1703,1,IP.17.37,Setup Produção,,
29/01/2026 09:52:25,IP0001,lucas.esteves,AAKRNJ02001,CIC30048TD.TE,CABO INJETADO CONECTOR 30048TD.TE,5,IP.30.26,Peça Falhada,260126A,
29/01/2026 09:52:25,IP0001,lucas.esteves,AAKRNJ02001,CIC30048TD.TE,CABO INJETADO CONECTOR 30048TD.TE,9,IP.30.55,Setup Liberação,260126A,
29/01/2026 09:52:25,IP0001,lucas.esteves,AAKRNJ02001,CIC30048TD.TE,CABO INJETADO CONECTOR 30048TD.TE,11,IP.30.52,Setup Produção,260126A,
29/01/2026 09:52:25,IP0001,lucas.esteves,AAKRNJ02001,CIC30048TD.TE,CABO INJETADO CONECTOR 30048TD.TE,16,IP.30.29,Material No Cabo,260126A,
29/01/2026 09:52:25,IP0001,lucas.esteves,AAKRNJ02001,CIC30048TD.TE,CABO INJETADO CONECTOR 30048TD.TE,1,IP.30.03,Cabo Amassado,260126A,
29/01/2026 09:52:25,IP0001,lucas.esteves,AAKRNJ02001,CIC30048TD.TE,CABO INJETADO CONECTOR 30048TD.TE,1,IP.30.37,Fita Exposta,260126A,
29/01/2026 08:57:11,IP0005,lucas.esteves,AAKRU102001,VI2002,VALVULA INJETADA 2002,1,IP.20.44,Fio Exposto,280126A,
29/01/2026 08:57:11,IP0005,lucas.esteves,AAKRU102001,VI2002,VALVULA INJETADA 2002,4,IP.20.12,Peça Falhada,280126A,
29/01/2026 08:51:31,IP0016,lucas.esteves,AAKMKK01001,SP1152,SUPORTE FILTRO 1152,1,IP.11.09,Tela Furada,200126A,
29/01/2026 08:51:31,IP0016,lucas.esteves,AAKMKK01001,SP1152,SUPORTE FILTRO 1152,1,IP.11.03,Material Contaminado,200126A,
29/01/2026 08:47:29,IP0016,lucas.esteves,AAKMKD01001,AE1152,ANEL ESPACADOR 1152,3,IP.11.03,Material Contaminado,200126A,
29/01/2026 08:22:18,IP0015,nathalia.tenorio,AALKAC01001,FT2456,FLANGE DO MODULO DE COMBUSTIVEL 2456 P/ INJ. ELETR. S/ EMB.,1,IP.24.02,Peça Torta,,
29/01/2026 08:01:00,IP0030,lucas.esteves,AALHYE01001,69137,CORPO INJETADO 1719,5,IP.17.03,Conector Baixo,270126A,
29/01/2026 08:01:00,IP0030,lucas.esteves,AALHYE01001,69137,CORPO INJETADO 1719,8,IP.17.44,Conector Baixo,270126A,
29/01/2026 05:48:09,IP0003,Joyce.pin,AALHC901001,BP2301,BRACO DO POTENCIOMETRO INJETADO 2301,2,IP.23.26,Peça Falhada,,
29/01/2026 05:48:09,IP0003,Joyce.pin,AALHC901001,BP2301,BRACO DO POTENCIOMETRO INJETADO 2301,2,IP.23.39,Finger Amassado,,
29/01/2026 02:22:11,IP0003,marcia.mayumi,AALHC901001,BP2301,BRACO DO POTENCIOMETRO INJETADO 2301,1,IP.23.66,Trava Quebrada,,
29/01/2026 03:14:39,IP0018,livia.cristina,AALKF201001,TI23149.68D,TAMPA INJETADA 23149-68D,2,IP.23.66,Trava Quebrada,,
29/01/2026 02:22:11,IP0003,marcia.mayumi,AALHC901001,BP2301,BRACO DO POTENCIOMETRO INJETADO 2301,4,IP.23.39,Finger Amassado,,
29/01/2026 01:16:24,IP0017,taime.franca,AALKEN01001,TI2301.68D,TAMPA INJETADA 2301-68D,3,IP.23.27,Peça Manchada,,
29/01/2026 01:15:58,IP0020,cleber.vilalba,AALKI401001,I1806,SENSOR DE ROTACAO 1806 INJETADO,2,IP.18.28,Material No Cabo,,
28/01/2026 17:13:47,IP0015,Sara.santos,AALKAC01001,FT2456,FLANGE DO MODULO DE COMBUSTIVEL 2456 P/ INJ. ELETR. S/ EMB.,2,IP.24.07,Sem Dispositivo,,
28/01/2026 16:56:08,IP0018,amanda.dias,AALKF201001,TI23149.68D,TAMPA INJETADA 23149-68D,1,IP.23.02,Cabo Exposto,,
28/01/2026 15:20:16,IP0020,alessandra.mota,AALKI401001,I1806,SENSOR DE ROTACAO 1806 INJETADO,2,IP.18.35,Peça Presa No Molde,,
28/01/2026 15:23:12,IP0018,alessandra.ribeiro,AALKF201001,TI23149.68D,TAMPA INJETADA 23149-68D,1,IP.23.66,Trava Quebrada,,
28/01/2026 14:54:45,IP0021,lucas.esteves,AALJWM01001,EI119033,EIXO INJETADO 119033,8,IP.X1.12,Peça Falhada,210126A,
28/01/2026 14:54:07,IP0003,adriana.segati,AALHC901001,BP2301,BRACO DO POTENCIOMETRO INJETADO 2301,1,IP.23.26,Peça Falhada,,
28/01/2026 15:18:21,IP0017,vanessa.neves,AALKEN01001,TI2301.68D,TAMPA INJETADA 2301-68D,2,IP.23.27,Peça Manchada,,
28/01/2026 15:18:21,IP0017,vanessa.neves,AALKEN01001,TI2301.68D,TAMPA INJETADA 2301-68D,2,IP.23.26,Peça Falhada,,
28/01/2026 14:20:45,IP0025,lucas.esteves,AALK6801001,BI2301,BASE INJETADA 2301,277,IP.23.32,Marca De Extração,220126A,
28/01/2026 14:21:53,IP0003,adriana.segati,AALHC901001,BP2301,BRACO DO POTENCIOMETRO INJETADO 2301,1,IP.23.20,Finger Mal Posicionado,,
28/01/2026 13:42:38,IP0015,matheus.silva,AALKAC01001,FT2456,FLANGE DO MODULO DE COMBUSTIVEL 2456 P/ INJ. ELETR. S/ EMB.,2,IP.24.07,Sem Dispositivo,,
28/01/2026 13:36:48,IP0003,adriana.segati,AALHC901001,BP2301,BRACO DO POTENCIOMETRO INJETADO 2301,1,IP.23.20,Finger Mal Posicionado,,
28/01/2026 13:18:39,IP0003,adriana.segati,AALHC901001,BP2301,BRACO DO POTENCIOMETRO INJETADO 2301,1,IP.23.20,Finger Mal Posicionado,,
28/01/2026 16:45:56,IP0015,eduardo.augusto,AALKAC01001,FT2456,FLANGE DO MODULO DE COMBUSTIVEL 2456 P/ INJ. ELETR. S/ EMB.,,IP.24.07,Sem Dispositivo,,
28/01/2026 12:43:20,IP0015,vanessa.gomes,AALKAC01001,FT2456,FLANGE DO MODULO DE COMBUSTIVEL 2456 P/ INJ. ELETR. S/ EMB.,2,IP.24.07,Sem Dispositivo,,
28/01/2026 12:06:30,IP0011,lucas.esteves,AALJPW01001,FT2416,FLANGE DO MODULO DE COMBUSTIVEL 2416 P/ INJ. ELETR. S/ EMB.,1,IP.24.24,Peça Riscada,230126A,
28/01/2026 13:03:31,IP0017,vanessa.neves,AALKEN01001,TI2301.68D,TAMPA INJETADA 2301-68D,2,IP.23.26,Peça Falhada,,
28/01/2026 11:57:26,IP0003,adriana.segati,AALHC901001,BP2301,BRACO DO POTENCIOMETRO INJETADO 2301,3,IP.23.39,Finger Amassado,,
28/01/2026 10:57:42,IP0020,alessandra.mota,AALKFQ01001,I1824,SENSOR DE ROTACAO 1824 INJETADO,2,IP.18.61,Setup Liberação,,
28/01/2026 10:57:42,IP0020,alessandra.mota,AALKFQ01001,I1824,SENSOR DE ROTACAO 1824 INJETADO,2,IP.18.29,Peça Queimada,,
28/01/2026 10:45:46,IP0033,lucas.esteves,AAJQR933001,CI1764,CORPO INJETADO 1764,2,IP.17.03,Conector Baixo,220126A,
28/01/2026 10:45:46,IP0033,lucas.esteves,AAJQR933001,CI1764,CORPO INJETADO 1764,2,IP.17.40,Setup Liberação,220126A,
28/01/2026 10:43:00,IP0012,lucas.esteves,AAKMNE01001,CI1907,CORPO INJETADO 1907,1,IP.19.03,Conector Baixo,210126A,
28/01/2026 10:43:00,IP0012,lucas.esteves,AAKMNE01001,CI1907,CORPO INJETADO 1907,3,IP.19.37,Setup Produção,210126A,
28/01/2026 10:39:58,IP0018,alessandra.ribeiro,AALKF201001,TI23149.68D,TAMPA INJETADA 23149-68D,1,IP.23.01,Conector Exposto,,
28/01/2026 08:21:45,IP0001,lucas.esteves,AALKER01001,1343I,PRE-FILTRO 1343 INJETADO,4,IP.13.07,Peça Falhada,260126A,
28/01/2026 07:12:07,IP0010,lucas.esteves,AAKRDZ02001,31945,ROTOR INJETADO 1601,28,IP.16.12,Peça Falhada,031225A,
28/01/2026 05:45:38,IP0003,Joyce.pin,AALHC901001,BP2301,BRACO DO POTENCIOMETRO INJETADO 2301,4,IP.23.39,Finger Amassado,,
28/01/2026 05:35:25,IP0017,michel.santos,AALKEN01001,TI2301.68D,TAMPA INJETADA 2301-68D,2,IP.23.26,Peça Falhada,,
28/01/2026 01:30:31,IP0023,cleber.vilalba,AALJWL01001,CIC1809,CABO INJETADO CONECTOR 1809,2,IP.18.52,Setup Produção,,
28/01/2026 01:10:05,IP0003,marcia.mayumi,AALHC901001,BP2301,BRACO DO POTENCIOMETRO INJETADO 2301,9,IP.23.39,Finger Amassado,,
28/01/2026 01:10:05,IP0003,marcia.mayumi,AALHC901001,BP2301,BRACO DO POTENCIOMETRO INJETADO 2301,1,IP.23.26,Peça Falhada,,
27/01/2026 23:50:54,IP0018,aluine.cardoso,AALKF201001,TI23149.68D,TAMPA INJETADA 23149-68D,1,IP.23.66,Trava Quebrada,,
27/01/2026 23:50:54,IP0018,aluine.cardoso,AALKF201001,TI23149.68D,TAMPA INJETADA 23149-68D,1,IP.23.02,Cabo Exposto,,
27/01/2026 23:50:54,IP0018,aluine.cardoso,AALKF201001,TI23149.68D,TAMPA INJETADA 23149-68D,1,IP.23.01,Conector Exposto,,
27/01/2026 17:33:40,IP0018,isabella.oliveira,AALKF201001,TI23149.68D,TAMPA INJETADA 23149-68D,2,IP.23.66,Trava Quebrada,,
27/01/2026 17:09:43,IP0017,amanda.dias,AALKEN01001,TI2301.68D,TAMPA INJETADA 2301-68D,2,IP.23.27,Peça Manchada,,
27/01/2026 15:50:24,IP0003,marcia.mayumi,AALHC901001,BP2301,BRACO DO POTENCIOMETRO INJETADO 2301,1,IP.23.20,Finger Mal Posicionado,,
27/01/2026 15:14:40,IP0020,alessandra.mota,AALKFP01001,I1812,SENSOR DE ROTACAO 1812 INJETADO,2,IP.18.29,Peça Queimada,,
27/01/2026 15:14:17,IP0003,Valdirene.aguiar,AALHC901001,BP2301,BRACO DO POTENCIOMETRO INJETADO 2301,1,IP.23.20,Finger Mal Posicionado,,
27/01/2026 15:14:40,IP0020,alessandra.mota,AALKFP01001,I1812,SENSOR DE ROTACAO 1812 INJETADO,5,IP.18.29,Peça Queimada,,
27/01/2026 15:38:12,IP0018,Sara.santos,AALKF201001,TI23149.68D,TAMPA INJETADA 23149-68D,1,IP.23.55,Setup Liberação,,
27/01/2026 12:05:08,IP0011,lucas.esteves,AALJPW01001,FT2416,FLANGE DO MODULO DE COMBUSTIVEL 2416 P/ INJ. ELETR. S/ EMB.,1,IP.24.06,Peça Quebrada,230126A,
27/01/2026 11:41:17,IP0001,lucas.esteves,AALJGU01001,C1863I,CORPO INJETADO 1863,3,IP.18.25,Peça Falhada,200126A,
27/01/2026 11:41:17,IP0001,lucas.esteves,AALJGU01001,C1863I,CORPO INJETADO 1863,4,IP.18.31,Marca De Extração,200126A,
27/01/2026 11:41:17,IP0001,lucas.esteves,AALJGU01001,C1863I,CORPO INJETADO 1863,80,IP.18.04,Peça Torta,200126A,
27/01/2026 11:33:50,IP0003,adriana.segati,AALHC901001,BP2301,BRACO DO POTENCIOMETRO INJETADO 2301,1,IP.23.39,Finger Amassado,,
27/01/2026 11:33:50,IP0003,adriana.segati,AALHC901001,BP2301,BRACO DO POTENCIOMETRO INJETADO 2301,4,IP.23.26,Peça Falhada,,
27/01/2026 10:32:32,IP0012,lucas.esteves,AAKMNE01001,CI1907,CORPO INJETADO 1907,1,IP.19.14,Peça Falhada,210126A,
27/01/2026 10:29:42,IP0030,lucas.esteves,AAKMMG01001,37547,CORPO INJETADO 1704,2,IP.17.03,Conector Baixo,220126A,
27/01/2026 10:25:28,IP0001,lucas.esteves,AALKEW01001,TI23189.68D,TAMPA INJETADA 23189-68D,2,IP.23.55,Setup Liberação,,
27/01/2026 09:03:30,IP0026,lucas.esteves,AAKRNJ02001,CIC30048TD.TE,CABO INJETADO CONECTOR 30048TD.TE,3,IP.30.29,Material No Cabo,260126A,
27/01/2026 09:03:30,IP0026,lucas.esteves,AAKRNJ02001,CIC30048TD.TE,CABO INJETADO CONECTOR 30048TD.TE,13,IP.30.26,Peça Falhada,260126A,
27/01/2026 09:03:30,IP0026,lucas.esteves,AAKRNJ02001,CIC30048TD.TE,CABO INJETADO CONECTOR 30048TD.TE,2,IP.30.52,Setup Produção,260126A,
27/01/2026 09:03:30,IP0026,lucas.esteves,AAKRNJ02001,CIC30048TD.TE,CABO INJETADO CONECTOR 30048TD.TE,2,IP.30.55,Setup Liberação,260126A,
27/01/2026 08:16:22,IP0006,lucas.esteves,AALHNG01001,PF1322S,PRE-FILTRO DE COMBUSTIVEL 1322 - SECUNDARIO P/ INJ. ELET. S/ EMB.,1,IP.13.31,Aparencia Ruim,130126A,
27/01/2026 08:16:22,IP0006,lucas.esteves,AALHNG01001,PF1322S,PRE-FILTRO DE COMBUSTIVEL 1322 - SECUNDARIO P/ INJ. ELET. S/ EMB.,4,IP.13.02,Posicionamento Da Tela,130126A,
27/01/2026 07:46:07,IP0005,lucas.esteves,AAKRU103001,VI2009,VALVULA INJETADA 2009,4,IP.20.12,Peça Falhada,210126A,
27/01/2026 07:29:41,IP0003,Valdirene.aguiar,AALHC901001,BP2301,BRACO DO POTENCIOMETRO INJETADO 2301,1,IP.23.20,Finger Mal Posicionado,,
27/01/2026 05:58:31,IP0017,michel.santos,AALKEN01001,TI2301.68D,TAMPA INJETADA 2301-68D,2,IP.23.26,Peça Falhada,,
27/01/2026 05:55:59,IP0023,natalia.falanque,AALJWL01001,CIC1809,CABO INJETADO CONECTOR 1809,3,IP.18.52,Setup Produção,,
27/01/2026 05:44:49,IP0003,Joyce.pin,AALHC901001,BP2301,BRACO DO POTENCIOMETRO INJETADO 2301,1,IP.23.39,Finger Amassado,,
27/01/2026 05:50:22,IP0018,livia.cristina,AALKEW01001,TI23189.68D,TAMPA INJETADA 23189-68D,1,IP.23.29,Material No Cabo,,
27/01/2026 01:10:33,IP0003,marcia.mayumi,AALHC901001,BP2301,BRACO DO POTENCIOMETRO INJETADO 2301,3,IP.23.39,Finger Amassado,,
27/01/2026 01:10:33,IP0003,marcia.mayumi,AALHC901001,BP2301,BRACO DO POTENCIOMETRO INJETADO 2301,1,IP.23.26,Peça Falhada,,
27/01/2026 01:07:21,IP0023,marcilene.gomes,AALJWL01001,CIC1809,CABO INJETADO CONECTOR 1809,1,IP.18.25,Peça Falhada,,
27/01/2026 00:57:32,IP0018,livia.cristina,AALKEW01001,TI23189.68D,TAMPA INJETADA 23189-68D,2,IP.23.03,Cabo Amassado,,
27/01/2026 01:21:38,IP0029,cleber.vilalba,AALKCF01001,I1868,SENSOR DE ROTACAO 1868 INJETADO,1,IP.18.03,Cabo Amassado,,
27/01/2026 01:21:38,IP0029,cleber.vilalba,AALKCF01001,I1868,SENSOR DE ROTACAO 1868 INJETADO,1,IP.18.29,Peça Queimada,,
26/01/2026 21:03:09,IP0015,robson.silva,AALKAC01001,FT2456,FLANGE DO MODULO DE COMBUSTIVEL 2456 P/ INJ. ELETR. S/ EMB.,1,IP.24.07,Sem Dispositivo,,
26/01/2026 17:23:14,IP0017,daniel.santos,AALKEN01001,TI2301.68D,TAMPA INJETADA 2301-68D,5,IP.23.66,Trava Quebrada,,
26/01/2026 15:40:41,IP0029,paula.antunes,AALKCF01001,I1868,SENSOR DE ROTACAO 1868 INJETADO,1,IP.18.29,Peça Queimada,,
26/01/2026 15:37:53,IP0015,vanessa.gomes,AALKAC01001,FT2456,FLANGE DO MODULO DE COMBUSTIVEL 2456 P/ INJ. ELETR. S/ EMB.,1,IP.24.01,Conector Exposto,,
26/01/2026 15:11:39,IP0020,paula.antunes,AALK6301001,I1804,SENSOR DE ROTACAO 1804 INJETADO,2,IP.18.29,Peça Queimada,,
26/01/2026 15:03:40,IP0020,ederson.flavio,AALK6301001,I1804,SENSOR DE ROTACAO 1804 INJETADO,1,IP.18.29,Peça Queimada,,
26/01/2026 14:51:48,IP0017,lucas.esteves,AALKEN01001,TI2301.68D,TAMPA INJETADA 2301-68D,2,IP.23.60,Danificado Bisturi,,
26/01/2026 14:31:32,IP0019,lucas.esteves,AALJK301001,1334SG,PRE-FILTRO 1334 SECUNDARIO INJETADO GRADE,2,IP.13.11,Peça Furada,210126A,
26/01/2026 14:06:01,IP0003,adriana.segati,AALHC901001,BP2301,BRACO DO POTENCIOMETRO INJETADO 2301,5,IP.23.08,Finger Amassado,,
26/01/2026 14:06:01,IP0003,adriana.segati,AALHC901001,BP2301,BRACO DO POTENCIOMETRO INJETADO 2301,2,IP.23.26,Peça Falhada,,
26/01/2026 13:52:19,IP0020,alessandra.mota,AALK6301001,I1804,SENSOR DE ROTACAO 1804 INJETADO,4,IP.18.29,Peça Queimada,,
26/01/2026 12:28:27,IP0029,alessandra.mota,AALKCF01001,I1868,SENSOR DE ROTACAO 1868 INJETADO,1,IP.18.29,Peça Queimada,,
26/01/2026 12:28:27,IP0029,alessandra.mota,AALKCF01001,I1868,SENSOR DE ROTACAO 1868 INJETADO,2,IP.18.25,Peça Falhada,,
26/01/2026 11:20:10,IP0012,lucas.esteves,AAKMNE01001,CI1907,CORPO INJETADO 1907,12,IP.19.38,Setup Liberação,210126A,
26/01/2026 11:20:10,IP0012,lucas.esteves,AAKMNE01001,CI1907,CORPO INJETADO 1907,2,IP.19.37,Setup Produção,210126A,
26/01/2026 11:20:10,IP0012,lucas.esteves,AAKMNE01001,CI1907,CORPO INJETADO 1907,2,IP.19.14,Peça Falhada,210126A,
26/01/2026 11:20:10,IP0012,lucas.esteves,AAKMNE01001,CI1907,CORPO INJETADO 1907,3,IP.19.03,Conector Baixo,210126A,
26/01/2026 10:49:31,IP0030,lucas.esteves,AALJGW01001,CIC30079TD.TE,CABO INJETADO CONECTOR 30079TD.TE,1,IP.30.68,Cabo machucado,200126A,
26/01/2026 10:49:31,IP0030,lucas.esteves,AALJGW01001,CIC30079TD.TE,CABO INJETADO CONECTOR 30079TD.TE,1,IP.30.30,Peça Queimada,200126A,
26/01/2026 10:49:31,IP0030,lucas.esteves,AALJGW01001,CIC30079TD.TE,CABO INJETADO CONECTOR 30079TD.TE,4,IP.30.64,Conector Invertido,200126A,
26/01/2026 10:49:31,IP0030,lucas.esteves,AALJGW01001,CIC30079TD.TE,CABO INJETADO CONECTOR 30079TD.TE,9,IP.30.30,Peça Queimada,200126A,
26/01/2026 10:49:31,IP0030,lucas.esteves,AALJGW01001,CIC30079TD.TE,CABO INJETADO CONECTOR 30079TD.TE,1,IP.30.52,Setup Produção,200126A,
26/01/2026 10:49:31,IP0030,lucas.esteves,AALJGW01001,CIC30079TD.TE,CABO INJETADO CONECTOR 30079TD.TE,48,IP.30.68,Cabo machucado,200126A,
26/01/2026 09:50:01,IP0001,lucas.esteves,AALJGU01001,C1863I,CORPO INJETADO 1863,20,IP.18.72,Peça Falhada,200126A,
26/01/2026 09:50:01,IP0001,lucas.esteves,AALJGU01001,C1863I,CORPO INJETADO 1863,2,IP.18.07,Conector Amassado,200126A,
26/01/2026 09:50:01,IP0001,lucas.esteves,AALJGU01001,C1863I,CORPO INJETADO 1863,8,IP.18.25,Peça Falhada,200126A,
26/01/2026 09:50:01,IP0001,lucas.esteves,AALJGU01001,C1863I,CORPO INJETADO 1863,19,IP.18.31,Marca De Extração,200126A,
26/01/2026 09:32:33,IP0031,lucas.esteves,AAIEV001001,CI2523,CORPO INJETADO 2523,8,IP.25.21,Peça Queimada,230126A,
26/01/2026 09:32:33,IP0031,lucas.esteves,AAIEV001001,CI2523,CORPO INJETADO 2523,3,IP.30.30,Peça Queimada,230126A,
26/01/2026 12:55:02,IP0023,lucilene.binoti,AALJWL01001,CIC1809,CABO INJETADO CONECTOR 1809,1,IP.18.28,Material No Cabo,,
26/01/2026 12:55:02,IP0023,lucilene.binoti,AALJWL01001,CIC1809,CABO INJETADO CONECTOR 1809,1,IP.18.28,Material No Cabo,,
26/01/2026 12:55:02,IP0023,lucilene.binoti,AALJWL01001,CIC1809,CABO INJETADO CONECTOR 1809,3,IP.18.25,Peça Falhada,,
26/01/2026 08:38:59,IP0007,lucas.esteves,AAJNUJ01001,TI2504,TAMPA INJETADA 2504,14,IP.25.46,Setup Liberação,190126A,
26/01/2026 07:52:43,IP0005,lucas.esteves,AAKRU103001,VI2009,VALVULA INJETADA 2009,3,IP.20.12,Peça Falhada,210126A,
24/01/2026 05:54:34,IP0020,natalia.falanque,AALK6301001,I1804,SENSOR DE ROTACAO 1804 INJETADO,1,IP.18.29,Peça Queimada,,
24/01/2026 04:54:00,IP0029,fabio.andrade,AALJVE01001,I1805,SENSOR DE ROTACAO 1805 INJETADO,3,IP.18.29,Peça Queimada,,
24/01/2026 01:17:53,IP0029,cleber.vilalba,AALJVE01001,I1805,SENSOR DE ROTACAO 1805 INJETADO,4,IP.18.29,Peça Queimada,,
24/01/2026 01:06:50,IP0020,marcilene.gomes,AALK6301001,I1804,SENSOR DE ROTACAO 1804 INJETADO,1,IP.18.29,Peça Queimada,,
24/01/2026 00:54:02,IP0023,natalia.falanque,AALJWL01001,CIC1809,CABO INJETADO CONECTOR 1809,1,IP.18.52,Setup Produção,,
23/01/2026 21:26:22,IP0029,fabio.andrade,AALJVE01001,I1805,SENSOR DE ROTACAO 1805 INJETADO,1,IP.18.29,Peça Queimada,,
23/01/2026 21:14:52,IP0015,robson.silva,AALKAC01001,FT2456,FLANGE DO MODULO DE COMBUSTIVEL 2456 P/ INJ. ELETR. S/ EMB.,1,IP.24.07,Sem Dispositivo,,
23/01/2026 21:14:52,IP0015,robson.silva,AALKAC01001,FT2456,FLANGE DO MODULO DE COMBUSTIVEL 2456 P/ INJ. ELETR. S/ EMB.,1,IP.24.01,Conector Exposto,,
23/01/2026 19:00:24,IP0020,marcilene.gomes,AALK0401001,I1803,SENSOR DE ROTACAO 1803 INJETADO,1,IP.18.29,Peça Queimada,,
23/01/2026 17:07:02,IP0019,lucas.esteves,AALJK301001,1334SG,PRE-FILTRO 1334 SECUNDARIO INJETADO GRADE,1,IP.13.02,Posicionamento Da Tela,210126A,
23/01/2026 17:16:06,IP0020,alessandra.mota,AALK0401001,I1803,SENSOR DE ROTACAO 1803 INJETADO,1,IP.18.29,Peça Queimada,,
23/01/2026 16:11:25,IP0020,marcilene.gomes,AALK0401001,I1803,SENSOR DE ROTACAO 1803 INJETADO,1,IP.18.29,Peça Queimada,,
23/01/2026 15:59:32,IP0020,marcilene.gomes,AALK0401001,I1803,SENSOR DE ROTACAO 1803 INJETADO,4,IP.18.29,Peça Queimada,,
23/01/2026 15:56:58,IP0005,lucas.esteves,AAKRU103001,VI2009,VALVULA INJETADA 2009,1,IP.20.12,Peça Falhada,210126A,
23/01/2026 15:42:44,IP0018,lucas.esteves,AALKCT01001,TI23203.95DE,TAMPA INJETADA 23203-95DE,1,IP.23.60,Danificado Bisturi,150126V,
23/01/2026 15:34:05,IP0029,paula.antunes,AALJVE01001,I1805,SENSOR DE ROTACAO 1805 INJETADO,1,IP.18.29,Peça Queimada,,
23/01/2026 14:33:02,IP0003,adriana.segati,AALHC901001,BP2301,BRACO DO POTENCIOMETRO INJETADO 2301,1,IP.23.20,Finger Mal Posicionado,,
23/01/2026 13:14:36,IP0020,alessandra.mota,AALK0401001,I1803,SENSOR DE ROTACAO 1803 INJETADO,3,IP.18.29,Peça Queimada,,
23/01/2026 11:56:37,IP0027,renan.parra,AALJVC01001,CI119033,CORPO INJETADO 119033,2,IP.X1.14,Excesso De Rebarba,,
23/01/2026 11:50:08,IP0003,adriana.segati,AALHC901001,BP2301,BRACO DO POTENCIOMETRO INJETADO 2301,7,IP.23.26,Peça Falhada,,
23/01/2026 11:50:08,IP0003,adriana.segati,AALHC901001,BP2301,BRACO DO POTENCIOMETRO INJETADO 2301,3,IP.23.20,Finger Mal Posicionado,,
23/01/2026 11:16:10,IP0006,lucas.esteves,AALHNG01001,PF1322S,PRE-FILTRO DE COMBUSTIVEL 1322 - SECUNDARIO P/ INJ. ELET. S/ EMB.,1,IP.13.31,Aparencia Ruim,130126A,
23/01/2026 11:16:10,IP0006,lucas.esteves,AALHNG01001,PF1322S,PRE-FILTRO DE COMBUSTIVEL 1322 - SECUNDARIO P/ INJ. ELET. S/ EMB.,1,IP.13.08,Peça Manchada,130126A,
23/01/2026 11:16:10,IP0006,lucas.esteves,AALHNG01001,PF1322S,PRE-FILTRO DE COMBUSTIVEL 1322 - SECUNDARIO P/ INJ. ELET. S/ EMB.,5,IP.13.02,Posicionamento Da Tela,130126A,
23/01/2026 10:16:53,IP0022,lucas.esteves,AALJCC01001,TI2521,TAMPA INJETADA 2521,1,IP.25.45,Setup Produção,120126A,
23/01/2026 10:25:36,IP0022,eduardo.augusto,AALJCC01001,TI2521,TAMPA INJETADA 2521,,IP.25.45,Setup Produção,120126A,
23/01/2026 10:16:53,IP0022,lucas.esteves,AALJCC01001,TI2521,TAMPA INJETADA 2521,1,IP.25.45,Setup Produção,120126A,
23/01/2026 09:34:59,IP0013,lucas.esteves,AAJQR932001,CI1601,CONECTOR INJETADO 1601,1,IP.16.02,Conector Baixo,140825A1,
23/01/2026 09:34:59,IP0013,lucas.esteves,AAJQR932001,CI1601,CONECTOR INJETADO 1601,2,IP.16.03,Conector Amassado,140825A1,
23/01/2026 08:17:43,IP0018,lucas.esteves,AAJQRD97001,I1818,SENSOR DE ROTACAO 1818 INJETADO,1,IP.18.32,Sem Resistência,210126A,
23/01/2026 08:17:43,IP0018,lucas.esteves,AAJQRD97001,I1818,SENSOR DE ROTACAO 1818 INJETADO,44,IP.18.16,Ponteira Baixa,210126A,
23/01/2026 08:17:43,IP0018,lucas.esteves,AAJQRD97001,I1818,SENSOR DE ROTACAO 1818 INJETADO,4,IP.18.25,Peça Falhada,210126A,
23/01/2026 08:17:43,IP0018,lucas.esteves,AAJQRD97001,I1818,SENSOR DE ROTACAO 1818 INJETADO,1,IP.18.33,Excesso De Rebarba,210126A,
23/01/2026 08:17:43,IP0018,lucas.esteves,AAJQRD97001,I1818,SENSOR DE ROTACAO 1818 INJETADO,5,IP.18.16,Ponteira Baixa,210126A,
23/01/2026 07:57:59,IP0015,andressa.muniz,AALJUB01001,FT2404,FLANGE DO MODULO DE COMBUSTIVEL 2404 P/ INJ. ELETR. S/ EMB.,2,IP.24.01,Conector Exposto,,
23/01/2026 05:55:49,IP0023,natalia.falanque,AALJWL01001,CIC1809,CABO INJETADO CONECTOR 1809,1,IP.18.52,Setup Produção,,
23/01/2026 05:46:32,IP0023,natalia.falanque,AALJWL01001,CIC1809,CABO INJETADO CONECTOR 1809,3,IP.18.52,Setup Produção,,
23/01/2026 05:48:56,IP0003,Joyce.pin,AALHC901001,BP2301,BRACO DO POTENCIOMETRO INJETADO 2301,3,IP.23.26,Peça Falhada,,
23/01/2026 03:45:22,IP0029,fabio.andrade,AALJVE01001,I1805,SENSOR DE ROTACAO 1805 INJETADO,1,IP.18.16,Ponteira Baixa,,
23/01/2026 02:25:41,IP0015,andressa.muniz,AALJUB01001,FT2404,FLANGE DO MODULO DE COMBUSTIVEL 2404 P/ INJ. ELETR. S/ EMB.,1,IP.24.07,Sem Dispositivo,,
23/01/2026 01:32:10,IP0029,cleber.vilalba,AALJVE01001,I1805,SENSOR DE ROTACAO 1805 INJETADO,2,IP.18.29,Peça Queimada,,
23/01/2026 01:14:26,IP0020,marcilene.gomes,AALK0401001,I1803,SENSOR DE ROTACAO 1803 INJETADO,3,IP.18.28,Material No Cabo,,
22/01/2026 21:26:56,IP0029,fabio.andrade,AALJVE01001,I1805,SENSOR DE ROTACAO 1805 INJETADO,1,IP.18.29,Peça Queimada,,
22/01/2026 17:16:51,IP0023,lucilene.binoti,AALJWL01001,CIC1809,CABO INJETADO CONECTOR 1809,1,IP.18.28,Material No Cabo,,
22/01/2026 17:16:51,IP0023,lucilene.binoti,AALJWL01001,CIC1809,CABO INJETADO CONECTOR 1809,2,IP.18.52,Setup Produção,,
22/01/2026 17:15:28,IP0027,stela.candido,AALJVC01001,CI119033,CORPO INJETADO 119033,1,IP.X1.29,Peça Manchada,,
22/01/2026 15:38:45,IP0029,cleber.vilalba,AALJVE01001,I1805,SENSOR DE ROTACAO 1805 INJETADO,5,IP.18.29,Peça Queimada,,
22/01/2026 15:28:57,IP0003,adriana.segati,AALHC901001,BP2301,BRACO DO POTENCIOMETRO INJETADO 2301,5,IP.23.08,Finger Amassado,,
22/01/2026 15:28:57,IP0003,adriana.segati,AALHC901001,BP2301,BRACO DO POTENCIOMETRO INJETADO 2301,1,IP.23.20,Finger Mal Posicionado,,
22/01/2026 15:28:57,IP0003,adriana.segati,AALHC901001,BP2301,BRACO DO POTENCIOMETRO INJETADO 2301,6,IP.23.75,Finger vincado,,
22/01/2026 14:47:28,IP0017,lucas.esteves,AAJAWF12001,1314IG,PRE FILTRO 1314 INJETADO GRADE,1,IP.13.07,Peça Falhada,200126A,
22/01/2026 14:35:34,IP0020,alessandra.mota,AALK0401001,I1803,SENSOR DE ROTACAO 1803 INJETADO,5,IP.18.29,Peça Queimada,,
22/01/2026 14:35:34,IP0020,alessandra.mota,AALK0401001,I1803,SENSOR DE ROTACAO 1803 INJETADO,3,IP.18.61,Setup Liberação,,
22/01/2026 15:33:06,IP0029,paula.antunes,AALJVE01001,I1805,SENSOR DE ROTACAO 1805 INJETADO,1,IP.18.91,Fio em curto,,
22/01/2026 15:33:06,IP0029,paula.antunes,AALJVE01001,I1805,SENSOR DE ROTACAO 1805 INJETADO,1,IP.18.29,Peça Queimada,,
22/01/2026 12:11:14,IP0025,lucas.esteves,AALK5601001,FT2447,FLANGE DO MODULO DE COMBUSTIVEL 2447 P/ INJ. ELETR. S/ EMB.,7,IP.24.23,Rechupe,210126A1,
22/01/2026 12:11:14,IP0025,lucas.esteves,AALK5601001,FT2447,FLANGE DO MODULO DE COMBUSTIVEL 2447 P/ INJ. ELETR. S/ EMB.,2,IP.24.51,Setup Liberação,210126A1,
22/01/2026 10:04:42,IP0032,lucas.esteves,AAJQR934001,CI1766,CORPO INJETADO 1766,6,IP.17.37,Setup Produção,150126A,
22/01/2026 12:10:07,IP0023,lucilene.binoti,AALJWL01001,CIC1809,CABO INJETADO CONECTOR 1809,2,IP.18.25,Peça Falhada,,
22/01/2026 08:15:51,IP0019,lucas.esteves,AALJK101001,1334G,PRÃƒâ€°-FILTRO 1334 INJETADO GRADE,2,IP.13.35,Peça Contaminada,210126A,
22/01/2026 08:14:41,IP0019,lucas.esteves,AALJK301001,1334SG,PRE-FILTRO 1334 SECUNDARIO INJETADO GRADE,1,IP.13.35,Peça Contaminada,210126A,
22/01/2026 08:14:41,IP0019,lucas.esteves,AALJK301001,1334SG,PRE-FILTRO 1334 SECUNDARIO INJETADO GRADE,1,IP.13.08,Peça Manchada,210126A,
22/01/2026 07:41:53,IP0027,lucas.esteves,AALJVC01001,CI119033,CORPO INJETADO 119033,9,IP.X1.36,Setup Liberação,,
22/01/2026 07:49:13,IP0020,lucas.esteves,AALJVX01001,I1846,SENSOR DE ROTACAO 1846 INJETADO,1,IP.18.03,Cabo Amassado,,
22/01/2026 16:46:52,IP0020,eduardo.augusto,AALJVX01001,I1846,SENSOR DE ROTACAO 1846 INJETADO,,IP.18.03,Cabo Amassado,,
22/01/2026 16:46:53,IP0020,eduardo.augusto,AALJVX01001,I1846,SENSOR DE ROTACAO 1846 INJETADO,,IP.18.09,Peça Mal Encaixada,,
22/01/2026 07:49:13,IP0020,lucas.esteves,AALJVX01001,I1846,SENSOR DE ROTACAO 1846 INJETADO,1,IP.18.09,Peça Mal Encaixada,,
22/01/2026 05:56:25,IP0023,natalia.falanque,AALJWL01001,CIC1809,CABO INJETADO CONECTOR 1809,1,IP.18.52,Setup Produção,,
22/01/2026 05:55:51,IP0029,fabio.andrade,AALJVE01001,I1805,SENSOR DE ROTACAO 1805 INJETADO,1,IP.18.29,Peça Queimada,,
22/01/2026 05:48:21,IP0003,Joyce.pin,AALHC901001,BP2301,BRACO DO POTENCIOMETRO INJETADO 2301,3,IP.23.39,Finger Amassado,,
22/01/2026 04:30:45,IP0029,fabio.andrade,AALJVE01001,I1805,SENSOR DE ROTACAO 1805 INJETADO,4,IP.18.29,Peça Queimada,,
22/01/2026 01:27:44,IP0020,marcilene.gomes,AALJVX01001,I1846,SENSOR DE ROTACAO 1846 INJETADO,1,IP.18.09,Peça Mal Encaixada,,
22/01/2026 01:27:44,IP0020,marcilene.gomes,AALJVX01001,I1846,SENSOR DE ROTACAO 1846 INJETADO,1,IP.18.03,Cabo Amassado,,
22/01/2026 01:05:18,IP0003,marcia.mayumi,AALHC901001,BP2301,BRACO DO POTENCIOMETRO INJETADO 2301,3,IP.23.80,Peca sem finger,,
22/01/2026 01:05:18,IP0003,marcia.mayumi,AALHC901001,BP2301,BRACO DO POTENCIOMETRO INJETADO 2301,2,IP.23.39,Finger Amassado,,
22/01/2026 00:58:00,IP0023,natalia.falanque,AALJWL01001,CIC1809,CABO INJETADO CONECTOR 1809,2,IP.18.08,Material No Cabo,,
22/01/2026 01:05:18,IP0003,marcia.mayumi,AALHC901001,BP2301,BRACO DO POTENCIOMETRO INJETADO 2301,2,IP.23.26,Peça Falhada,,
22/01/2026 00:58:00,IP0023,natalia.falanque,AALJWL01001,CIC1809,CABO INJETADO CONECTOR 1809,5,IP.18.52,Setup Produção,,
21/01/2026 16:49:13,IP0028,Valdirene.aguiar,AALJHP01001,R1902,ROTOR 1902 INJETADO - CINZA,1,IP.19.02,Imã mal posicionado,,
21/01/2026 15:49:08,IP0003,marcia.mayumi,AALHC901001,BP2301,BRACO DO POTENCIOMETRO INJETADO 2301,3,IP.23.20,Finger Mal Posicionado,,
21/01/2026 15:46:18,IP0023,alessandra.mota,AALJWL01001,CIC1809,CABO INJETADO CONECTOR 1809,1,IP.18.28,Material No Cabo,,
21/01/2026 15:20:01,IP0029,paula.antunes,AALJVE01001,I1805,SENSOR DE ROTACAO 1805 INJETADO,3,IP.18.29,Peça Queimada,,
21/01/2026 15:19:02,IP0003,adriana.segati,AALHC901001,BP2301,BRACO DO POTENCIOMETRO INJETADO 2301,1,IP.23.26,Peça Falhada,,
21/01/2026 15:09:59,IP0006,lucas.esteves,AALHNG01001,PF1322S,PRE-FILTRO DE COMBUSTIVEL 1322 - SECUNDARIO P/ INJ. ELET. S/ EMB.,1,IP.13.27,DANIFICADO BISTURI,130126A,
21/01/2026 15:09:59,IP0006,lucas.esteves,AALHNG01001,PF1322S,PRE-FILTRO DE COMBUSTIVEL 1322 - SECUNDARIO P/ INJ. ELET. S/ EMB.,10,IP.13.02,Posicionamento Da Tela,130126A,
21/01/2026 15:08:56,IP0023,alessandra.mota,AALJWL01001,CIC1809,CABO INJETADO CONECTOR 1809,4,IP.18.57,Montagem Incorreta,,
21/01/2026 15:08:56,IP0023,alessandra.mota,AALJWL01001,CIC1809,CABO INJETADO CONECTOR 1809,3,IP.18.61,Setup Liberação,,
21/01/2026 12:53:07,IP0003,camila.ponciano,AALHC901001,BP2301,BRACO DO POTENCIOMETRO INJETADO 2301,1,IP.23.26,Peça Falhada,,
21/01/2026 13:11:02,IP0015,lucas.esteves,AALJUB01001,FT2404,FLANGE DO MODULO DE COMBUSTIVEL 2404 P/ INJ. ELETR. S/ EMB.,1,IP.24.07,Sem Dispositivo,,
21/01/2026 13:11:02,IP0015,lucas.esteves,AALJUB01001,FT2404,FLANGE DO MODULO DE COMBUSTIVEL 2404 P/ INJ. ELETR. S/ EMB.,1,IP.24.51,Setup Liberação,,
21/01/2026 12:11:15,IP0025,lucas.esteves,AAHDII01001,FT2460,FLANGE DO MODULO DE COMBUSTIVEL 2460 P/ INJ. ELETR. S/ EMB.,1,IP.24.31,Conector Exposto,190126A,
21/01/2026 12:11:15,IP0025,lucas.esteves,AAHDII01001,FT2460,FLANGE DO MODULO DE COMBUSTIVEL 2460 P/ INJ. ELETR. S/ EMB.,1,IP.24.01,Conector Exposto,190126A,
21/01/2026 11:56:43,IP0003,lucas.esteves,AALHC901001,BP2301,BRACO DO POTENCIOMETRO INJETADO 2301,2,IP.23.80,Peca sem finger,061125A1,
21/01/2026 11:56:43,IP0003,lucas.esteves,AALHC901001,BP2301,BRACO DO POTENCIOMETRO INJETADO 2301,5,IP.23.25,Faltando Componentes,061125A1,
21/01/2026 11:56:43,IP0003,lucas.esteves,AALHC901001,BP2301,BRACO DO POTENCIOMETRO INJETADO 2301,4,IP.23.20,Finger Mal Posicionado,061125A1,
21/01/2026 11:56:43,IP0003,lucas.esteves,AALHC901001,BP2301,BRACO DO POTENCIOMETRO INJETADO 2301,2,IP.23.26,Peça Falhada,061125A1,
21/01/2026 11:25:19,IP0001,lucas.esteves,AALJS701001,I1826,SENSOR DE ROTACAO 1826 INJETADO,2,IP.18.25,Peça Falhada,,
21/01/2026 11:21:01,IP0026,lucas.esteves,AAKQXF01001,37561,CORPO INJETADO 1706,3,IP.17.06,Conector Tampado,151225A,
21/01/2026 11:21:01,IP0026,lucas.esteves,AAKQXF01001,37561,CORPO INJETADO 1706,3,IP.17.14,Peça Falhada,151225A,
21/01/2026 10:56:19,IP0029,paula.antunes,AALJVE01001,I1805,SENSOR DE ROTACAO 1805 INJETADO,5,IP.18.29,Peça Queimada,,
21/01/2026 09:26:37,IP0004,lucas.esteves,AAIMU801005,RI2501,ROTOR 2501 INJETADO,3,IP.25.17,Peça Falhada,130126A,
21/01/2026 09:11:06,IP0028,lucas.esteves,AALJHP01001,R1902,ROTOR 1902 INJETADO - CINZA,4,IP.19.14,Peça Falhada,,
21/01/2026 09:11:06,IP0028,lucas.esteves,AALJHP01001,R1902,ROTOR 1902 INJETADO - CINZA,7,IP.19.02,Imã mal posicionado,,
21/01/2026 08:11:36,IP0031,lucas.esteves,AAJQRF48001,SI30046TD.TE,SENSOR INJETADO 30046 TD.TE,3,IP.30.55,Setup Liberação,200126A,
21/01/2026 07:39:51,IP0005,lucas.esteves,AAKRU102001,VI2002,VALVULA INJETADA 2002,1,IP.20.16,Peça Queimada,080126A,
21/01/2026 07:25:38,IP0002,lucas.esteves,AALJVN01001,CIC1843,CABO INJETADO CONECTOR 1843,2,IP.18.52,Setup Produção,190126A1,
21/01/2026 07:22:52,IP0029,lucas.esteves,AALJVE01001,I1805,SENSOR DE ROTACAO 1805 INJETADO,2,IP.18.29,Peça Queimada,,
20/01/2026 14:57:09,IP0020,lucas.esteves,AALJU701001,I1834,SENSOR DE ROTACAO 1834 INJETADO,1,IP.18.29,Peça Queimada,,
20/01/2026 14:57:09,IP0020,lucas.esteves,AALJU701001,I1834,SENSOR DE ROTACAO 1834 INJETADO,4,IP.18.61,Setup Liberação,,
20/01/2026 12:19:26,IP0025,lucas.esteves,AAHDII01001,FT2460,FLANGE DO MODULO DE COMBUSTIVEL 2460 P/ INJ. ELETR. S/ EMB.,3,IP.24.31,Conector Exposto,190126A,
20/01/2026 11:53:48,IP0003,lucas.esteves,AALHC901001,BP2301,BRACO DO POTENCIOMETRO INJETADO 2301,1,IP.23.20,Finger Mal Posicionado,061125A1,
20/01/2026 11:53:48,IP0003,lucas.esteves,AALHC901001,BP2301,BRACO DO POTENCIOMETRO INJETADO 2301,4,IP.23.39,Finger Amassado,061125A1,
20/01/2026 11:53:48,IP0003,lucas.esteves,AALHC901001,BP2301,BRACO DO POTENCIOMETRO INJETADO 2301,15,IP.23.26,Peça Falhada,061125A1,
20/01/2026 11:08:35,IP0002,lucas.esteves,AAKQI401003,RI2503,ROTOR 2503 INJETADO,5,IP.25.46,Setup Liberação,140126A,
20/01/2026 10:28:38,IP0013,lucas.esteves,AAJQR932001,CI1601,CONECTOR INJETADO 1601,1,IP.16.03,Conector Amassado,140825A1,
20/01/2026 10:24:49,IP0026,lucas.esteves,AAKQXF01001,37561,CORPO INJETADO 1706,3,IP.17.01,Conector Exposto,151225A,
20/01/2026 10:24:49,IP0026,lucas.esteves,AAKQXF01001,37561,CORPO INJETADO 1706,8,IP.17.06,Conector Tampado,151225A,
20/01/2026 10:24:49,IP0026,lucas.esteves,AAKQXF01001,37561,CORPO INJETADO 1706,4,IP.17.14,Peça Falhada,151225A,
20/01/2026 09:10:24,IP0023,lucas.esteves,AALIHH01001,CIC1801,CABO INJETADO CONECTOR 1801,4,IP.18.02,Cabo Exposto,150126A,
20/01/2026 09:10:24,IP0023,lucas.esteves,AALIHH01001,CIC1801,CABO INJETADO CONECTOR 1801,10,IP.18.68,Conector Baixo,150126A,
20/01/2026 08:05:49,IP0018,lucas.esteves,AALIQG01003,SI30001TD.TE,SENSOR INJETADO 30001 TD.TE,3,IP.30.05,Conector Baixo,160126A,
20/01/2026 08:05:49,IP0018,lucas.esteves,AALIQG01003,SI30001TD.TE,SENSOR INJETADO 30001 TD.TE,1,IP.30.26,Peça Falhada,160126A,
20/01/2026 08:05:49,IP0018,lucas.esteves,AALIQG01003,SI30001TD.TE,SENSOR INJETADO 30001 TD.TE,3,IP.30.55,Setup Liberação,160126A,
20/01/2026 07:41:24,IP0005,lucas.esteves,AAKRU102001,VI2002,VALVULA INJETADA 2002,1,IP.20.16,Peça Queimada,130126A,
20/01/2026 07:41:24,IP0005,lucas.esteves,AAKRU102001,VI2002,VALVULA INJETADA 2002,8,IP.20.12,Peça Falhada,130126A,
20/01/2026 07:20:47,IP0029,lucas.esteves,AALJU901001,I1820,SENSOR DE ROTACAO 1820 INJETADO,1,IP.18.31,Marca De Extração,160126A1,
20/01/2026 07:20:47,IP0029,lucas.esteves,AALJU901001,I1820,SENSOR DE ROTACAO 1820 INJETADO,1,IP.18.32,Sem Resistência,160126A1,
20/01/2026 07:18:54,IP0020,lucas.esteves,AALJS701001,I1826,SENSOR DE ROTACAO 1826 INJETADO,2,IP.18.61,Setup Liberação,,
20/01/2026 07:18:54,IP0020,lucas.esteves,AALJS701001,I1826,SENSOR DE ROTACAO 1826 INJETADO,2,IP.18.29,Peça Queimada,,
20/01/2026 07:18:54,IP0020,lucas.esteves,AALJS701001,I1826,SENSOR DE ROTACAO 1826 INJETADO,6,IP.18.29,Peça Queimada,,
20/01/2026 07:18:54,IP0020,lucas.esteves,AALJS701001,I1826,SENSOR DE ROTACAO 1826 INJETADO,2,IP.18.25,Peça Falhada,,
19/01/2026 16:57:41,IP0029,lucas.esteves,AALJU901001,I1820,SENSOR DE ROTACAO 1820 INJETADO,1,IP.18.25,Peça Falhada,160126A1,
19/01/2026 16:57:41,IP0029,lucas.esteves,AALJU901001,I1820,SENSOR DE ROTACAO 1820 INJETADO,1,IP.18.02,Cabo Exposto,160126A1,
19/01/2026 16:57:41,IP0029,lucas.esteves,AALJU901001,I1820,SENSOR DE ROTACAO 1820 INJETADO,1,IP.18.28,Material No Cabo,160126A1,
19/01/2026 16:57:41,IP0029,lucas.esteves,AALJU901001,I1820,SENSOR DE ROTACAO 1820 INJETADO,3,IP.18.29,Peça Queimada,160126A1,
19/01/2026 15:11:44,IP0006,lucas.esteves,AALHNG01001,PF1322S,PRE-FILTRO DE COMBUSTIVEL 1322 - SECUNDARIO P/ INJ. ELET. S/ EMB.,1,IP.13.05,Peça Furada,130126A,
19/01/2026 15:11:44,IP0006,lucas.esteves,AALHNG01001,PF1322S,PRE-FILTRO DE COMBUSTIVEL 1322 - SECUNDARIO P/ INJ. ELET. S/ EMB.,5,IP.13.02,Posicionamento Da Tela,130126A,
19/01/2026 12:10:24,IP0011,lucas.esteves,AALIML01002,FT2439,FLANGE DO MODULO DE COMBUSTIVEL 2439 P/ INJ. ELETR. S/ EMB.,1,IP.24.53,Inserto mal colocado,140126A,
19/01/2026 12:08:28,IP0025,lucas.esteves,AAKRPD04001,FT2449,FLANGE DO MODULO DE COMBUSTIVEL 2449 P/ INJ. ELETR. S/ EMB.,1,IP.24.01,Conector Exposto,150126A,
19/01/2026 12:16:37,IP0028,lucas.esteves,AALJHP01001,R1902,ROTOR 1902 INJETADO - CINZA,3,IP.19.02,Imã mal posicionado,,
19/01/2026 12:16:37,IP0028,lucas.esteves,AALJHP01001,R1902,ROTOR 1902 INJETADO - CINZA,2,IP.19.37,Setup Produção,,
19/01/2026 12:16:37,IP0028,lucas.esteves,AALJHP01001,R1902,ROTOR 1902 INJETADO - CINZA,5,IP.19.38,Setup Liberação,,
19/01/2026 11:22:38,IP0026,lucas.esteves,AAKQXF01001,37561,CORPO INJETADO 1706,1,IP.17.06,Conector Tampado,151225A,
19/01/2026 11:20:11,IP0001,lucas.esteves,AALJBY01001,R1903,ROTOR 1903 INJETADO - CINZA,4,IP.19.14,Peça Falhada,,
19/01/2026 11:20:11,IP0001,lucas.esteves,AALJBY01001,R1903,ROTOR 1903 INJETADO - CINZA,56,IP.19.38,Setup Liberação,,
19/01/2026 10:09:35,IP0031,lucas.esteves,AALJTG01001,I1819,SENSOR DE ROTACAO 1819 INJETADO,2,IP.18.52,Setup Produção,140126A2,
19/01/2026 10:09:35,IP0031,lucas.esteves,AALJTG01001,I1819,SENSOR DE ROTACAO 1819 INJETADO,1,IP.18.29,Peça Queimada,140126A2,
19/01/2026 10:09:35,IP0031,lucas.esteves,AALJTG01001,I1819,SENSOR DE ROTACAO 1819 INJETADO,1,IP.18.26,Peça Manchada,140126A2,
19/01/2026 10:05:09,IP0007,lucas.esteves,AALJKN01001,BP23195,BRACO DO POTENCIOMETRO INJETADO 23195,3,IP.23.25,Faltando Componentes,130126A1,
19/01/2026 10:05:09,IP0007,lucas.esteves,AALJKN01001,BP23195,BRACO DO POTENCIOMETRO INJETADO 23195,7,IP.23.26,Peça Falhada,130126A1,
19/01/2026 10:05:09,IP0007,lucas.esteves,AALJKN01001,BP23195,BRACO DO POTENCIOMETRO INJETADO 23195,22,IP.23.27,Peça Manchada,130126A1,
19/01/2026 10:05:09,IP0007,lucas.esteves,AALJKN01001,BP23195,BRACO DO POTENCIOMETRO INJETADO 23195,3,IP.23.20,Finger Mal Posicionado,130126A1,
19/01/2026 10:05:09,IP0007,lucas.esteves,AALJKN01001,BP23195,BRACO DO POTENCIOMETRO INJETADO 23195,2,IP.23.39,Finger Amassado,130126A1,
19/01/2026 11:54:49,IP0003,lucas.esteves,AALHC901001,BP2301,BRACO DO POTENCIOMETRO INJETADO 2301,1,IP.23.27,Peça Manchada,,
19/01/2026 11:54:49,IP0003,lucas.esteves,AALHC901001,BP2301,BRACO DO POTENCIOMETRO INJETADO 2301,5,IP.23.80,Peca sem finger,,
19/01/2026 11:54:49,IP0003,lucas.esteves,AALHC901001,BP2301,BRACO DO POTENCIOMETRO INJETADO 2301,2,IP.23.20,Finger Mal Posicionado,,
19/01/2026 11:54:49,IP0003,lucas.esteves,AALHC901001,BP2301,BRACO DO POTENCIOMETRO INJETADO 2301,4,IP.23.26,Peça Falhada,,
19/01/2026 09:25:40,IP0017,lucas.esteves,AALIUG01001,1334SB,PRE-FILTRO 1334 SECUNDARIO INJETADO BOCAL,1,IP.13.28,Dimensional Fora do Esp.,060126A,
19/01/2026 09:04:48,IP0017,lucas.esteves,AALIUF01001,1334EB,PRÃƒâ€°-FILTRO 1334 INJETADO ENCAIXE BOCAL SECUNDÃƒRIO,1,IP.13.28,Dimensional Fora do Esp.,060126A,
19/01/2026 07:33:31,IP0005,lucas.esteves,AAKRU102001,VI2002,VALVULA INJETADA 2002,4,IP.20.16,Peça Queimada,130126A,
19/01/2026 07:33:31,IP0005,lucas.esteves,AAKRU102001,VI2002,VALVULA INJETADA 2002,2,IP.20.13,Peça Manchada,130126A,
19/01/2026 07:33:31,IP0005,lucas.esteves,AAKRU102001,VI2002,VALVULA INJETADA 2002,2,IP.20.05,Peça Queimada,130126A,
19/01/2026 14:35:23,IP0029,eduardo.augusto,AAKKSV01001,I1820,SENSOR DE ROTACAO 1820 INJETADO,,IP.18.29,Peça Queimada,160126A,
19/01/2026 07:19:10,IP0029,lucas.esteves,AAKKSV01001,I1820,SENSOR DE ROTACAO 1820 INJETADO,1,IP.18.29,Peça Queimada,160126A,
19/01/2026 14:35:23,IP0029,eduardo.augusto,AAKKSV01001,I1820,SENSOR DE ROTACAO 1820 INJETADO,,IP.18.28,Material No Cabo,160126A,
19/01/2026 07:19:10,IP0029,lucas.esteves,AAKKSV01001,I1820,SENSOR DE ROTACAO 1820 INJETADO,1,IP.18.28,Material No Cabo,160126A,
19/01/2026 07:46:25,IP0020,lucas.esteves,AALJP001001,I1802,SENSOR DE ROTACAO 1802 INJETADO,1,IP.18.36,Peça Quebrada,,
19/01/2026 07:46:25,IP0020,lucas.esteves,AALJP001001,I1802,SENSOR DE ROTACAO 1802 INJETADO,4,IP.18.29,Peça Queimada,,
16/01/2026 16:04:43,IP0001,lucas.esteves,AAKRS002001,RI2502,ROTOR 2502 INJETADO,9,IP.25.29,Imã Quebrado,120126A,
16/01/2026 12:08:03,IP0015,lucas.esteves,AALIV601001,FT2407,FLANGE DO MODULO DE COMBUSTIVEL 2407 P/ INJ. ELETR. S/ EMB.,1,IP.24.07,Sem Dispositivo,,
16/01/2026 12:08:03,IP0015,lucas.esteves,AALIV601001,FT2407,FLANGE DO MODULO DE COMBUSTIVEL 2407 P/ INJ. ELETR. S/ EMB.,2,IP.24.01,Conector Exposto,,
16/01/2026 12:07:01,IP0025,lucas.esteves,AAKRPD04001,FT2449,FLANGE DO MODULO DE COMBUSTIVEL 2449 P/ INJ. ELETR. S/ EMB.,1,IP.24.21,Peça Vazando,150126A,
16/01/2026 12:07:01,IP0025,lucas.esteves,AAKRPD04001,FT2449,FLANGE DO MODULO DE COMBUSTIVEL 2449 P/ INJ. ELETR. S/ EMB.,1,IP.24.31,Conector Exposto,150126A,
16/01/2026 12:07:01,IP0025,lucas.esteves,AAKRPD04001,FT2449,FLANGE DO MODULO DE COMBUSTIVEL 2449 P/ INJ. ELETR. S/ EMB.,5,IP.24.01,Conector Exposto,150126A,
16/01/2026 12:04:46,IP0011,lucas.esteves,AALIML01002,FT2439,FLANGE DO MODULO DE COMBUSTIVEL 2439 P/ INJ. ELETR. S/ EMB.,1,IP.24.26,Peça Furada,140126A,
16/01/2026 11:35:51,IP0032,lucas.esteves,AAJQR934001,CI1766,CORPO INJETADO 1766,12,IP.17.40,Setup Liberação,150126A,
16/01/2026 11:30:11,IP0016,lucas.esteves,AAJQRV01002,TI2367.68E,TAMPA INJETADA 2367-68E,2,IP.23.66,Trava Quebrada,130126A,
16/01/2026 11:28:00,IP0018,lucas.esteves,AALJJZ01001,TI23203.95DE,TAMPA INJETADA 23203-95DE,1,IP.23.60,Danificado Bisturi,150126A,
23/01/2026 15:08:17,IP0018,eduardo.augusto,AALJJZ01001,TI23203.95DE,TAMPA INJETADA 23203-95DE,,IP.23.60,Danificado Bisturi,150126A,
16/01/2026 10:28:38,IP0020,lucas.esteves,AALJE201001,I1809,SENSOR DE ROTACAO 1809 INJETADO,2,IP.18.25,Peça Falhada,,
16/01/2026 10:28:38,IP0020,lucas.esteves,AALJE201001,I1809,SENSOR DE ROTACAO 1809 INJETADO,2,IP.18.29,Peça Queimada,,
16/01/2026 10:29:28,IP0003,lucas.esteves,AALHC901001,BP2301,BRACO DO POTENCIOMETRO INJETADO 2301,1,IP.23.26,Peça Falhada,,
16/01/2026 10:29:28,IP0003,lucas.esteves,AALHC901001,BP2301,BRACO DO POTENCIOMETRO INJETADO 2301,2,IP.23.20,Finger Mal Posicionado,,
16/01/2026 10:29:28,IP0003,lucas.esteves,AALHC901001,BP2301,BRACO DO POTENCIOMETRO INJETADO 2301,1,IP.23.25,Faltando Componentes,,
16/01/2026 10:00:25,IP0022,lucas.esteves,AALJCC01001,TI2521,TAMPA INJETADA 2521,1,IP.25.17,Peça Falhada,120126A,
16/01/2026 09:58:54,IP0004,lucas.esteves,AAIMU801005,RI2501,ROTOR 2501 INJETADO,1,IP.25.29,Imã Quebrado,130126A,
16/01/2026 09:58:54,IP0004,lucas.esteves,AAIMU801005,RI2501,ROTOR 2501 INJETADO,3,IP.25.17,Peça Falhada,130126A,
16/01/2026 08:17:16,IP0005,lucas.esteves,AAKRU102001,VI2002,VALVULA INJETADA 2002,3,IP.20.12,Peça Falhada,130126A,
16/01/2026 08:17:16,IP0005,lucas.esteves,AAKRU102001,VI2002,VALVULA INJETADA 2002,1,IP.20.16,Peça Queimada,130126A,
16/01/2026 08:17:16,IP0005,lucas.esteves,AAKRU102001,VI2002,VALVULA INJETADA 2002,1,IP.20.14,Excesso De Rebarba,130126A,
16/01/2026 08:01:45,IP0019,lucas.esteves,AALIYB01001,TI2301.68D,TAMPA INJETADA 2301-68D,3,IP.23.27,Peça Manchada,080126A,
16/01/2026 07:39:14,IP0031,lucas.esteves,AAKKST01001,I1819,SENSOR DE ROTACAO 1819 INJETADO,1,IP.18.29,Peça Queimada,140126A,
16/01/2026 07:18:35,IP0029,lucas.esteves,AAKRQ502001,I1806,SENSOR DE ROTACAO 1806 INJETADO,2,IP.18.29,Peça Queimada,120126A,
16/01/2026 07:17:18,IP0023,lucas.esteves,AALJAV01001,CIC1868,CABO INJETADO CONECTOR 1868,1,IP.18.69,Danificado Bisturi,090126A,
16/01/2026 07:17:18,IP0023,lucas.esteves,AALJAV01001,CIC1868,CABO INJETADO CONECTOR 1868,1,IP.18.56,Trava Quebrada,090126A,
16/01/2026 07:17:18,IP0023,lucas.esteves,AALJAV01001,CIC1868,CABO INJETADO CONECTOR 1868,2,IP.18.28,Material No Cabo,090126A,
23/01/2026 15:08:21,IP0018,eduardo.augusto,AALJJZ01001,TI23203.95DE,TAMPA INJETADA 23203-95DE,,IP.23.29,Material No Cabo,150126A,
15/01/2026 17:25:53,IP0018,lucas.esteves,AALJJZ01001,TI23203.95DE,TAMPA INJETADA 23203-95DE,1,IP.23.29,Material No Cabo,150126A,
15/01/2026 12:15:02,IP0011,lucas.esteves,AALIML01002,FT2439,FLANGE DO MODULO DE COMBUSTIVEL 2439 P/ INJ. ELETR. S/ EMB.,1,IP.24.51,Setup Liberação,140126A,
15/01/2026 12:20:26,IP0015,lucas.esteves,AALIV601001,FT2407,FLANGE DO MODULO DE COMBUSTIVEL 2407 P/ INJ. ELETR. S/ EMB.,1,IP.24.07,Sem Dispositivo,,
15/01/2026 11:54:49,IP0003,lucas.esteves,AALHC901001,BP2301,BRACO DO POTENCIOMETRO INJETADO 2301,1,IP.23.39,Finger Amassado,,
15/01/2026 11:54:49,IP0003,lucas.esteves,AALHC901001,BP2301,BRACO DO POTENCIOMETRO INJETADO 2301,1,IP.23.25,Faltando Componentes,,
15/01/2026 11:54:49,IP0003,lucas.esteves,AALHC901001,BP2301,BRACO DO POTENCIOMETRO INJETADO 2301,1,IP.23.20,Finger Mal Posicionado,,
15/01/2026 11:54:49,IP0003,lucas.esteves,AALHC901001,BP2301,BRACO DO POTENCIOMETRO INJETADO 2301,5,IP.23.26,Peça Falhada,,
15/01/2026 10:35:43,IP0007,lucas.esteves,AALJKN01001,BP23195,BRACO DO POTENCIOMETRO INJETADO 23195,3,IP.23.26,Peça Falhada,130126A1,
15/01/2026 10:35:43,IP0007,lucas.esteves,AALJKN01001,BP23195,BRACO DO POTENCIOMETRO INJETADO 23195,1,IP.23.08,Finger Amassado,130126A1,
15/01/2026 10:58:24,IP0020,lucas.esteves,AALJE201001,I1809,SENSOR DE ROTACAO 1809 INJETADO,1,IP.18.29,Peça Queimada,,
15/01/2026 10:13:01,IP0002,lucas.esteves,AAJTXU01003,CI1863,CARRETEL INJETADO 1863,8,IP.18.25,Peça Falhada,080126A,
15/01/2026 10:13:01,IP0002,lucas.esteves,AAJTXU01003,CI1863,CARRETEL INJETADO 1863,2,IP.18.52,Setup Produção,080126A,
15/01/2026 10:13:01,IP0002,lucas.esteves,AAJTXU01003,CI1863,CARRETEL INJETADO 1863,53,IP.18.05,Conector Baixo,080126A,
15/01/2026 10:13:01,IP0002,lucas.esteves,AAJTXU01003,CI1863,CARRETEL INJETADO 1863,8,IP.18.68,Conector Baixo,080126A,
15/01/2026 08:12:29,IP0016,lucas.esteves,AAJQRV01002,TI2367.68E,TAMPA INJETADA 2367-68E,1,IP.23.26,Peça Falhada,130126A,
15/01/2026 08:11:00,IP0022,lucas.esteves,AALJCC01001,TI2521,TAMPA INJETADA 2521,2,IP.25.18,Peça Manchada,120126A,
15/01/2026 08:11:00,IP0022,lucas.esteves,AALJCC01001,TI2521,TAMPA INJETADA 2521,1,IP.23.53,Setup Produção,120126A,
15/01/2026 08:11:00,IP0022,lucas.esteves,AALJCC01001,TI2521,TAMPA INJETADA 2521,7,IP.25.45,Setup Produção,120126A,
15/01/2026 08:11:00,IP0022,lucas.esteves,AALJCC01001,TI2521,TAMPA INJETADA 2521,1,IP.25.46,Setup Liberação,120126A,
15/01/2026 08:08:32,IP0005,lucas.esteves,AAKRU102001,VI2002,VALVULA INJETADA 2002,2,IP.20.12,Peça Falhada,130126A,
15/01/2026 08:08:32,IP0005,lucas.esteves,AAKRU102001,VI2002,VALVULA INJETADA 2002,2,IP.20.16,Peça Queimada,130126A,
15/01/2026 08:07:04,IP0030,lucas.esteves,AAKRS002001,RI2502,ROTOR 2502 INJETADO,6,IP.25.29,Imã Quebrado,120126A,
15/01/2026 08:05:56,IP0006,lucas.esteves,AALHNG01001,PF1322S,PRE-FILTRO DE COMBUSTIVEL 1322 - SECUNDARIO P/ INJ. ELET. S/ EMB.,1,IP.13.08,Peça Manchada,130126A,
15/01/2026 08:05:49,IP0006,lucas.esteves,AALHNG01001,PF1322S,PRE-FILTRO DE COMBUSTIVEL 1322 - SECUNDARIO P/ INJ. ELET. S/ EMB.,6,IP.13.30,Setup Liberação,130126A,
15/01/2026 08:04:11,IP0030,lucas.esteves,AAJQR935001,CI1819,CARRETEL INJETADO 1819,4,IP.18.05,Conector Baixo,281125A,
15/01/2026 08:02:52,IP0030,lucas.esteves,AAKOFD01001,CI1818,CARRETEL INJETADO 1818,1,IP.18.01,Conector Exposto,281125A,
15/01/2026 07:58:29,IP0026,lucas.esteves,AAKQXF01001,37561,CORPO INJETADO 1706,1,IP.17.14,Peça Falhada,151225A,
15/01/2026 07:58:29,IP0026,lucas.esteves,AAKQXF01001,37561,CORPO INJETADO 1706,5,IP.17.01,Conector Exposto,151225A,
15/01/2026 07:58:29,IP0026,lucas.esteves,AAKQXF01001,37561,CORPO INJETADO 1706,13,IP.17.06,Conector Tampado,151225A,
15/01/2026 07:37:09,IP0018,lucas.esteves,AAINEJ01005,TI23211.81DE,TAMPA INJETADA 23211-81D,3,IP.23.02,Cabo Exposto,140126A,
15/01/2026 09:11:10,IP0020,lucas.esteves,AALJE201001,I1809,SENSOR DE ROTACAO 1809 INJETADO,2,IP.18.29,Peça Queimada,,
15/01/2026 07:21:48,IP0029,lucas.esteves,AAKRQ502001,I1806,SENSOR DE ROTACAO 1806 INJETADO,2,IP.18.28,Material No Cabo,120126A,
15/01/2026 07:21:48,IP0029,lucas.esteves,AAKRQ502001,I1806,SENSOR DE ROTACAO 1806 INJETADO,1,IP.18.29,Peça Queimada,120126A,
14/01/2026 16:23:11,IP0007,lucas.esteves,AALJKN01001,BP23195,BRACO DO POTENCIOMETRO INJETADO 23195,1,IP.23.13,Conector Tampado,130126A1,
14/01/2026 16:23:11,IP0007,lucas.esteves,AALJKN01001,BP23195,BRACO DO POTENCIOMETRO INJETADO 23195,1,IP.23.25,Faltando Componentes,130126A1,
14/01/2026 16:23:11,IP0007,lucas.esteves,AALJKN01001,BP23195,BRACO DO POTENCIOMETRO INJETADO 23195,5,IP.23.27,Peça Manchada,130126A1,
14/01/2026 16:23:11,IP0007,lucas.esteves,AALJKN01001,BP23195,BRACO DO POTENCIOMETRO INJETADO 23195,5,IP.23.08,Finger Amassado,130126A1,
14/01/2026 16:23:11,IP0007,lucas.esteves,AALJKN01001,BP23195,BRACO DO POTENCIOMETRO INJETADO 23195,4,IP.23.26,Peça Falhada,130126A1,
14/01/2026 16:23:11,IP0007,lucas.esteves,AALJKN01001,BP23195,BRACO DO POTENCIOMETRO INJETADO 23195,1,IP.23.55,Setup Liberação,130126A1,
14/01/2026 15:44:55,IP0018,lucas.esteves,AALJC901001,TI23275.85DE,TAMPA INJETADA 23275-85DE,3,IP.23.02,Cabo Exposto,120126A,
14/01/2026 15:32:40,IP0008,lucas.esteves,AAJSIL01001,CI1912,CORPO INJETADO 1912,2,IP.19.03,Conector Baixo,070126A1,
14/01/2026 12:56:01,IP0020,lucas.esteves,AALJE201001,I1809,SENSOR DE ROTACAO 1809 INJETADO,4,IP.18.29,Peça Queimada,,
14/01/2026 12:21:55,IP0029,lucas.esteves,AAKRQ502001,I1806,SENSOR DE ROTACAO 1806 INJETADO,1,IP.18.02,Cabo Exposto,120126A,
14/01/2026 12:50:09,IP0015,lucas.esteves,AALIV601001,FT2407,FLANGE DO MODULO DE COMBUSTIVEL 2407 P/ INJ. ELETR. S/ EMB.,2,IP.24.05,Conector Invertido,,
14/01/2026 12:50:09,IP0015,lucas.esteves,AALIV601001,FT2407,FLANGE DO MODULO DE COMBUSTIVEL 2407 P/ INJ. ELETR. S/ EMB.,1,IP.24.35,Trava Quebrada,,
14/01/2026 11:41:48,IP0031,lucas.esteves,AALIY901001,CIC30201,CABO INJETADO CONECTOR 30201,4,IP.30.08,Material No Cabo,120126A,
14/01/2026 11:41:48,IP0031,lucas.esteves,AALIY901001,CIC30201,CABO INJETADO CONECTOR 30201,3,IP.30.27,Peça Manchada,120126A,
14/01/2026 11:41:48,IP0031,lucas.esteves,AALIY901001,CIC30201,CABO INJETADO CONECTOR 30201,1,IP.30.29,Material No Cabo,120126A,
14/01/2026 11:41:48,IP0031,lucas.esteves,AALIY901001,CIC30201,CABO INJETADO CONECTOR 30201,24,IP.30.56,Peça Falhada,120126A,
14/01/2026 11:41:48,IP0031,lucas.esteves,AALIY901001,CIC30201,CABO INJETADO CONECTOR 30201,15,IP.30.26,Peça Falhada,120126A,
14/01/2026 11:41:48,IP0031,lucas.esteves,AALIY901001,CIC30201,CABO INJETADO CONECTOR 30201,2,IP.30.02,Cabo Exposto,120126A,
14/01/2026 11:31:53,IP0032,lucas.esteves,AAKIC401001,BI23261,BASE INJETADA 23261,2,IP.23.29,Material No Cabo,130126A,
14/01/2026 11:16:16,IP0004,lucas.esteves,AAIMU801005,RI2501,ROTOR 2501 INJETADO,6,IP.25.17,Peça Falhada,130126A,
14/01/2026 11:53:51,IP0003,lucas.esteves,AALHC901001,BP2301,BRACO DO POTENCIOMETRO INJETADO 2301,1,IP.23.34,Excesso De Rebarba,,
14/01/2026 11:53:51,IP0003,lucas.esteves,AALHC901001,BP2301,BRACO DO POTENCIOMETRO INJETADO 2301,1,IP.23.39,Finger Amassado,,
14/01/2026 11:53:51,IP0003,lucas.esteves,AALHC901001,BP2301,BRACO DO POTENCIOMETRO INJETADO 2301,13,IP.23.26,Peça Falhada,,
14/01/2026 10:27:59,IP0032,lucas.esteves,AAJQHH01003,BI23300,BASE INJETADA 23300,2,IP.23.55,Setup Liberação,,
14/01/2026 10:06:15,IP0018,lucas.esteves,AALHW801001,TI23184.68D,TAMPA INJETADA 23184-68D,3,IP.23.02,Cabo Exposto,130126A,
14/01/2026 08:21:38,IP0030,lucas.esteves,AAKRS002001,RI2502,ROTOR 2502 INJETADO,13,IP.25.29,Imã Quebrado,120126A,
14/01/2026 07:49:05,IP0005,lucas.esteves,AAKRU102001,VI2002,VALVULA INJETADA 2002,2,IP.20.13,Peça Manchada,130126A,
14/01/2026 07:49:05,IP0005,lucas.esteves,AAKRU102001,VI2002,VALVULA INJETADA 2002,12,IP.20.16,Peça Queimada,130126A,
14/01/2026 07:44:24,IP0019,lucas.esteves,AALIYB01001,TI2301.68D,TAMPA INJETADA 2301-68D,3,IP.23.27,Peça Manchada,080126A,
14/01/2026 07:19:11,IP0029,lucas.esteves,AAKRQ502001,I1806,SENSOR DE ROTACAO 1806 INJETADO,2,IP.18.29,Peça Queimada,120126A,
14/01/2026 07:19:11,IP0029,lucas.esteves,AAKRQ502001,I1806,SENSOR DE ROTACAO 1806 INJETADO,2,IP.18.52,Setup Produção,120126A,
14/01/2026 07:19:11,IP0029,lucas.esteves,AAKRQ502001,I1806,SENSOR DE ROTACAO 1806 INJETADO,3,IP.18.29,Peça Queimada,120126A,
14/01/2026 07:39:09,IP0020,lucas.esteves,AALJE201001,I1809,SENSOR DE ROTACAO 1809 INJETADO,1,IP.18.29,Peça Queimada,,
13/01/2026 15:41:33,IP0019,lucas.esteves,AALIYB01001,TI2301.68D,TAMPA INJETADA 2301-68D,7,IP.23.27,Peça Manchada,080126A,
13/01/2026 15:40:23,IP0003,lucas.esteves,AALHC901001,BP2301,BRACO DO POTENCIOMETRO INJETADO 2301,1,IP.23.26,Peça Falhada,,
13/01/2026 15:40:23,IP0003,lucas.esteves,AALHC901001,BP2301,BRACO DO POTENCIOMETRO INJETADO 2301,1,IP.23.70,Material contaminado,,
13/01/2026 15:40:23,IP0003,lucas.esteves,AALHC901001,BP2301,BRACO DO POTENCIOMETRO INJETADO 2301,1,IP.23.20,Finger Mal Posicionado,,
13/01/2026 15:40:23,IP0003,lucas.esteves,AALHC901001,BP2301,BRACO DO POTENCIOMETRO INJETADO 2301,1,IP.23.25,Faltando Componentes,,
13/01/2026 15:38:58,IP0005,lucas.esteves,AAKRU102001,VI2002,VALVULA INJETADA 2002,3,IP.20.12,Peça Falhada,080126A,
13/01/2026 15:38:58,IP0005,lucas.esteves,AAKRU102001,VI2002,VALVULA INJETADA 2002,16,IP.20.42,Peça em curto,080126A,
13/01/2026 14:53:30,IP0003,camila.ponciano,AALHC901001,BP2301,BRACO DO POTENCIOMETRO INJETADO 2301,1,IP.23.70,Material contaminado,,
13/01/2026 14:53:30,IP0003,camila.ponciano,AALHC901001,BP2301,BRACO DO POTENCIOMETRO INJETADO 2301,1,IP.23.26,Peça Falhada,,
13/01/2026 14:50:57,IP0003,adriana.segati,AALHC901001,BP2301,BRACO DO POTENCIOMETRO INJETADO 2301,1,IP.23.25,Faltando Componentes,,
13/01/2026 14:50:57,IP0003,adriana.segati,AALHC901001,BP2301,BRACO DO POTENCIOMETRO INJETADO 2301,1,IP.23.20,Finger Mal Posicionado,,
13/01/2026 12:08:10,IP0025,lucas.esteves,AALI7201002,FT2450,FLANGE DO MODULO DE COMBUSTIVEL 2450 P/ INJ. ELETR. S/ EMB.,1,IP.24.35,Trava Quebrada,120126A,
13/01/2026 12:08:10,IP0025,lucas.esteves,AALI7201002,FT2450,FLANGE DO MODULO DE COMBUSTIVEL 2450 P/ INJ. ELETR. S/ EMB.,1,IP.24.07,Sem Dispositivo,120126A,
13/01/2026 12:08:10,IP0025,lucas.esteves,AALI7201002,FT2450,FLANGE DO MODULO DE COMBUSTIVEL 2450 P/ INJ. ELETR. S/ EMB.,1,IP.24.39,Peça Manchada,120126A,
13/01/2026 12:02:16,IP0011,lucas.esteves,AAJSPL01006,FT2440,FLANGE DO MODULO DE COMBUSTIVEL 2440 P/ INJ. ELETR. S/ EMB.,3,IP.24.31,Conector Exposto,090126A,
13/01/2026 11:14:46,IP0018,lucas.esteves,AALJC901001,TI23275.85DE,TAMPA INJETADA 23275-85DE,1,IP.23.55,Setup Liberação,120126A,
13/01/2026 09:40:50,IP0020,alessandra.mota,AALIYM01001,I1801,SENSOR DE ROTACAO 1801 INJETADO,2,IP.18.29,Peça Queimada,,
13/01/2026 09:58:25,IP0003,lucas.esteves,AALHC901001,BP2301,BRACO DO POTENCIOMETRO INJETADO 2301,1,IP.23.08,Finger Amassado,,
13/01/2026 09:58:25,IP0003,lucas.esteves,AALHC901001,BP2301,BRACO DO POTENCIOMETRO INJETADO 2301,2,IP.23.39,Finger Amassado,,
13/01/2026 09:58:25,IP0003,lucas.esteves,AALHC901001,BP2301,BRACO DO POTENCIOMETRO INJETADO 2301,1,IP.23.80,Peca sem finger,,
13/01/2026 09:58:25,IP0003,lucas.esteves,AALHC901001,BP2301,BRACO DO POTENCIOMETRO INJETADO 2301,1,IP.23.34,Excesso De Rebarba,,
13/01/2026 09:58:25,IP0003,lucas.esteves,AALHC901001,BP2301,BRACO DO POTENCIOMETRO INJETADO 2301,1,IP.23.70,Material contaminado,,
13/01/2026 09:58:25,IP0003,lucas.esteves,AALHC901001,BP2301,BRACO DO POTENCIOMETRO INJETADO 2301,2,IP.23.26,Peça Falhada,,
13/01/2026 08:58:10,IP0003,priscila.silva,AALHC901001,BP2301,BRACO DO POTENCIOMETRO INJETADO 2301,1,IP.23.08,Finger Amassado,,
13/01/2026 08:45:28,IP0026,lucas.esteves,AAKQXF01001,37561,CORPO INJETADO 1706,1,IP.17.14,Peça Falhada,151225A,
13/01/2026 08:45:28,IP0026,lucas.esteves,AAKQXF01001,37561,CORPO INJETADO 1706,1,IP.17.03,Conector Baixo,151225A,
13/01/2026 08:45:28,IP0026,lucas.esteves,AAKQXF01001,37561,CORPO INJETADO 1706,5,IP.17.01,Conector Exposto,151225A,
13/01/2026 08:45:28,IP0026,lucas.esteves,AAKQXF01001,37561,CORPO INJETADO 1706,2,IP.17.06,Conector Tampado,151225A,
13/01/2026 08:17:30,IP0007,lucas.esteves,AALJCB01001,BI23240.67E,BASE INJETADA 23240.67E,3,IP.23.27,Peça Manchada,120126A,
13/01/2026 08:17:30,IP0007,lucas.esteves,AALJCB01001,BI23240.67E,BASE INJETADA 23240.67E,7,IP.23.18,Cabo Raspado,120126A,
13/01/2026 08:17:30,IP0007,lucas.esteves,AALJCB01001,BI23240.67E,BASE INJETADA 23240.67E,2,IP.23.03,Cabo Amassado,120126A,
13/01/2026 08:15:23,IP0022,lucas.esteves,AALIBK01001,TI2307.68D,TAMPA INJETADA 2307-68D,1,IP.23.27,Peça Manchada,111225A,
13/01/2026 07:38:38,IP0019,lucas.esteves,AALIYB01001,TI2301.68D,TAMPA INJETADA 2301-68D,2,IP.23.26,Peça Falhada,080126A,
13/01/2026 07:21:33,IP0029,lucas.esteves,AAKRQ502001,I1806,SENSOR DE ROTACAO 1806 INJETADO,2,IP.18.25,Peça Falhada,120126A,
12/01/2026 17:13:52,IP0015,lucas.esteves,AALIV601001,FT2407,FLANGE DO MODULO DE COMBUSTIVEL 2407 P/ INJ. ELETR. S/ EMB.,1,IP.24.07,Sem Dispositivo,,
12/01/2026 17:13:52,IP0015,lucas.esteves,AALIV601001,FT2407,FLANGE DO MODULO DE COMBUSTIVEL 2407 P/ INJ. ELETR. S/ EMB.,1,IP.24.01,Conector Exposto,,
12/01/2026 17:13:52,IP0015,lucas.esteves,AALIV601001,FT2407,FLANGE DO MODULO DE COMBUSTIVEL 2407 P/ INJ. ELETR. S/ EMB.,1,IP.24.06,Peça Quebrada,,
12/01/2026 17:08:38,IP0025,lucas.esteves,AALI7201002,FT2450,FLANGE DO MODULO DE COMBUSTIVEL 2450 P/ INJ. ELETR. S/ EMB.,1,IP.24.51,Setup Liberação,120126A,
12/01/2026 17:08:38,IP0025,lucas.esteves,AALI7201002,FT2450,FLANGE DO MODULO DE COMBUSTIVEL 2450 P/ INJ. ELETR. S/ EMB.,1,IP.24.07,Sem Dispositivo,120126A,
12/01/2026 16:41:04,IP0011,lucas.esteves,AAJSPL01006,FT2440,FLANGE DO MODULO DE COMBUSTIVEL 2440 P/ INJ. ELETR. S/ EMB.,1,IP.24.02,Peça Torta,090126A,
12/01/2026 16:41:04,IP0011,lucas.esteves,AAJSPL01006,FT2440,FLANGE DO MODULO DE COMBUSTIVEL 2440 P/ INJ. ELETR. S/ EMB.,6,IP.24.53,Inserto mal colocado,090126A,
12/01/2026 16:41:04,IP0011,lucas.esteves,AAJSPL01006,FT2440,FLANGE DO MODULO DE COMBUSTIVEL 2440 P/ INJ. ELETR. S/ EMB.,3,IP.24.01,Conector Exposto,090126A,
12/01/2026 16:41:04,IP0011,lucas.esteves,AAJSPL01006,FT2440,FLANGE DO MODULO DE COMBUSTIVEL 2440 P/ INJ. ELETR. S/ EMB.,3,IP.24.06,Peça Quebrada,090126A,
12/01/2026 16:02:03,IP0030,lucas.esteves,AAKRS002001,RI2502,ROTOR 2502 INJETADO,6,IP.25.17,Peça Falhada,120126A,
12/01/2026 16:02:03,IP0030,lucas.esteves,AAKRS002001,RI2502,ROTOR 2502 INJETADO,4,IP.25.29,Imã Quebrado,120126A,
12/01/2026 15:35:50,IP0005,lucas.esteves,AAKRU102001,VI2002,VALVULA INJETADA 2002,1,IP.20.26,Bico Tampado,080126A,
12/01/2026 15:35:50,IP0005,lucas.esteves,AAKRU102001,VI2002,VALVULA INJETADA 2002,22,IP.20.16,Peça Queimada,080126A,
12/01/2026 15:16:17,IP0003,camila.ponciano,AALHC901001,BP2301,BRACO DO POTENCIOMETRO INJETADO 2301,1,IP.23.70,Material contaminado,,
12/01/2026 15:16:17,IP0003,camila.ponciano,AALHC901001,BP2301,BRACO DO POTENCIOMETRO INJETADO 2301,1,IP.23.26,Peça Falhada,,
12/01/2026 15:09:21,IP0020,paula.antunes,AALIYM01001,I1801,SENSOR DE ROTACAO 1801 INJETADO,1,IP.18.29,Peça Queimada,,
12/01/2026 15:12:22,IP0003,adriana.segati,AALHC901001,BP2301,BRACO DO POTENCIOMETRO INJETADO 2301,2,IP.23.25,Faltando Componentes,,
12/01/2026 12:29:08,IP0015,lucas.esteves,AALIV601001,FT2407,FLANGE DO MODULO DE COMBUSTIVEL 2407 P/ INJ. ELETR. S/ EMB.,2,IP.24.28,Trava Reg. Quebrada,,
12/01/2026 12:29:08,IP0015,lucas.esteves,AALIV601001,FT2407,FLANGE DO MODULO DE COMBUSTIVEL 2407 P/ INJ. ELETR. S/ EMB.,1,IP.24.05,Conector Invertido,,
12/01/2026 12:29:08,IP0015,lucas.esteves,AALIV601001,FT2407,FLANGE DO MODULO DE COMBUSTIVEL 2407 P/ INJ. ELETR. S/ EMB.,2,IP.24.06,Peça Quebrada,,
12/01/2026 11:53:41,IP0003,lucas.esteves,AALHC901001,BP2301,BRACO DO POTENCIOMETRO INJETADO 2301,5,IP.23.39,Finger Amassado,,
12/01/2026 11:53:41,IP0003,lucas.esteves,AALHC901001,BP2301,BRACO DO POTENCIOMETRO INJETADO 2301,1,IP.23.25,Faltando Componentes,,
12/01/2026 11:53:41,IP0003,lucas.esteves,AALHC901001,BP2301,BRACO DO POTENCIOMETRO INJETADO 2301,1,IP.23.08,Finger Amassado,,
12/01/2026 11:53:41,IP0003,lucas.esteves,AALHC901001,BP2301,BRACO DO POTENCIOMETRO INJETADO 2301,14,IP.23.26,Peça Falhada,,
12/01/2026 10:03:44,IP0003,adriana.segati,AALHC901001,BP2301,BRACO DO POTENCIOMETRO INJETADO 2301,1,IP.23.25,Faltando Componentes,,
12/01/2026 09:16:37,IP0028,lucas.esteves,AALIV301001,R1904,ROTOR 1904 INJETADO - PRETO,3,IP.19.14,Peça Falhada,,
12/01/2026 09:16:37,IP0028,lucas.esteves,AALIV301001,R1904,ROTOR 1904 INJETADO - PRETO,1,IP.19.03,Conector Baixo,,
12/01/2026 09:16:37,IP0028,lucas.esteves,AALIV301001,R1904,ROTOR 1904 INJETADO - PRETO,3,IP.19.37,Setup Produção,,
12/01/2026 08:37:31,IP0002,lucas.esteves,AALIUH01001,TI23151.81DE,TAMPA INJETADA 23151-81DE,3,IP.23.02,Cabo Exposto,060126A,
12/01/2026 08:16:43,IP0002,lucas.esteves,AALIL801001,TI23225.85DE,TAMPA INJETADA 23225-85DE,4,IP.23.09,Material No Cabo,151225A1,
12/01/2026 07:39:10,IP0005,lucas.esteves,AAKRU102001,VI2002,VALVULA INJETADA 2002,2,IP.20.12,Peça Falhada,080126A,
12/01/2026 07:39:10,IP0005,lucas.esteves,AAKRU102001,VI2002,VALVULA INJETADA 2002,8,IP.20.16,Peça Queimada,080126A,
12/01/2026 07:33:58,IP0019,lucas.esteves,AALIYB01001,TI2301.68D,TAMPA INJETADA 2301-68D,2,IP.23.53,Setup Produção,080126A,
12/01/2026 09:15:31,IP0020,lucas.esteves,AALIYM01001,I1801,SENSOR DE ROTACAO 1801 INJETADO,2,IP.18.29,Peça Queimada,,
12/01/2026 07:18:46,IP0029,lucas.esteves,AAKRQ702001,I1829,SENSOR DE ROTACAO 1829 INJETADO,2,IP.18.29,Peça Queimada,090126A,
12/01/2026 08:11:37,IP0003,adriana.segati,AALHC901001,BP2301,BRACO DO POTENCIOMETRO INJETADO 2301,1,IP.23.25,Faltando Componentes,,
12/01/2026 08:11:37,IP0003,adriana.segati,AALHC901001,BP2301,BRACO DO POTENCIOMETRO INJETADO 2301,4,IP.23.26,Peça Falhada,,
09/01/2026 16:39:30,IP0023,lucas.esteves,AAKNIY01001,CIC1806,CABO INJETADO CONECTOR 1806,2,IP.18.05,Conector Baixo,171225A,
09/01/2026 16:05:48,IP0031,lucas.esteves,AAKRNJ07001,CIC30504F,CABO INJETADO CONECTOR 30504 FEMEA,1,IP.30.26,Peça Falhada,090126A,
09/01/2026 16:03:46,IP0031,lucas.esteves,AAKRNJ05001,CIC30503F,CABO INJETADO CONECTOR 30503 FEMEA,3,IP.30.26,Peça Falhada,080126A,
09/01/2026 15:42:09,IP0003,camila.ponciano,AALHC901001,BP2301,BRACO DO POTENCIOMETRO INJETADO 2301,1,IP.23.26,Peça Falhada,,
09/01/2026 15:35:17,IP0005,lucas.esteves,AAKRU102001,VI2002,VALVULA INJETADA 2002,4,IP.20.16,Peça Queimada,080126A,
09/01/2026 14:29:52,IP0003,adriana.segati,AALHC901001,BP2301,BRACO DO POTENCIOMETRO INJETADO 2301,1,IP.23.08,Finger Amassado,,
09/01/2026 14:29:52,IP0003,adriana.segati,AALHC901001,BP2301,BRACO DO POTENCIOMETRO INJETADO 2301,1,IP.23.25,Faltando Componentes,,
09/01/2026 15:43:51,IP0020,lucas.esteves,AALIYM01001,I1801,SENSOR DE ROTACAO 1801 INJETADO,1,IP.18.29,Peça Queimada,,
09/01/2026 15:43:51,IP0020,alessandra.mota,AALIYM01001,I1801,SENSOR DE ROTACAO 1801 INJETADO,1,IP.18.29,Peça Queimada,,
09/01/2026 12:03:32,IP0015,lucas.esteves,AALIV601001,FT2407,FLANGE DO MODULO DE COMBUSTIVEL 2407 P/ INJ. ELETR. S/ EMB.,2,IP.24.05,Conector Invertido,,
09/01/2026 12:03:32,IP0015,lucas.esteves,AALIV601001,FT2407,FLANGE DO MODULO DE COMBUSTIVEL 2407 P/ INJ. ELETR. S/ EMB.,1,IP.24.07,Sem Dispositivo,,
09/01/2026 12:03:32,IP0015,lucas.esteves,AALIV601001,FT2407,FLANGE DO MODULO DE COMBUSTIVEL 2407 P/ INJ. ELETR. S/ EMB.,2,IP.24.51,Setup Liberação,,
09/01/2026 10:59:09,IP0020,alessandra.mota,AALIYM01001,I1801,SENSOR DE ROTACAO 1801 INJETADO,1,IP.18.29,Peça Queimada,,
09/01/2026 11:56:48,IP0003,lucas.esteves,AALHC901001,BP2301,BRACO DO POTENCIOMETRO INJETADO 2301,1,IP.23.39,Finger Amassado,,
09/01/2026 11:56:48,IP0003,lucas.esteves,AALHC901001,BP2301,BRACO DO POTENCIOMETRO INJETADO 2301,3,IP.23.79,Excesso de rebarba,,
09/01/2026 11:56:48,IP0003,lucas.esteves,AALHC901001,BP2301,BRACO DO POTENCIOMETRO INJETADO 2301,1,IP.23.20,Finger Mal Posicionado,,
09/01/2026 11:56:48,IP0003,lucas.esteves,AALHC901001,BP2301,BRACO DO POTENCIOMETRO INJETADO 2301,1,IP.23.80,Peca sem finger,,
09/01/2026 11:56:48,IP0003,lucas.esteves,AALHC901001,BP2301,BRACO DO POTENCIOMETRO INJETADO 2301,5,IP.23.26,Peça Falhada,,
09/01/2026 10:59:09,IP0020,lucas.esteves,AALIYM01001,I1801,SENSOR DE ROTACAO 1801 INJETADO,2,IP.18.29,Peça Queimada,,
09/01/2026 09:20:40,IP0031,lucas.esteves,AAKRNJ04001,CIC30501F,CABO INJETADO CONECTOR 30501 FEMEA,13,IP.30.26,Peça Falhada,080126A,
09/01/2026 08:24:48,IP0012,lucas.esteves,AALIP801001,CI1908,CORPO INJETADO 1908,1,IP.19.06,Conector Tampado,171225A,
09/01/2026 08:24:48,IP0012,lucas.esteves,AALIP801001,CI1908,CORPO INJETADO 1908,1,IP.19.15,Peça Manchada,171225A,
09/01/2026 07:47:46,IP0007,lucas.esteves,AALIUH01001,TI23151.81DE,TAMPA INJETADA 23151-81DE,5,IP.23.02,Cabo Exposto,060126A,
09/01/2026 07:45:40,IP0018,lucas.esteves,AALIL801001,TI23225.85DE,TAMPA INJETADA 23225-85DE,1,IP.23.02,Cabo Exposto,151225A1,
09/01/2026 07:45:40,IP0018,lucas.esteves,AALIL801001,TI23225.85DE,TAMPA INJETADA 23225-85DE,3,IP.23.01,Conector Exposto,151225A1,
09/01/2026 07:33:09,IP0005,lucas.esteves,AAKRU102001,VI2002,VALVULA INJETADA 2002,3,IP.20.19,Sem Resistência,080126A,
09/01/2026 07:27:01,IP0020,lucas.esteves,AALIYM01001,I1801,SENSOR DE ROTACAO 1801 INJETADO,2,IP.18.25,Peça Falhada,,
08/01/2026 16:57:23,IP0019,lucas.esteves,AALIZV01001,TI2301.81DE,TAMPA INJETADA 2301-81DE,2,IP.23.27,Peça Manchada,271125A2,
08/01/2026 16:48:19,IP0033,lucas.esteves,AALHHH01001,37619,CORPO INJETADO 1712,9,IP.17.37,Setup Produção,011225A,
08/01/2026 16:37:51,IP0010,lucas.esteves,AAKRDZ02001,31945,ROTOR INJETADO 1601,7,IP.16.15,Sem Rosca,031225A,
08/01/2026 16:37:51,IP0010,lucas.esteves,AAKRDZ02001,31945,ROTOR INJETADO 1601,11,IP.16.12,Peça Falhada,031225A,
08/01/2026 15:59:58,IP0016,lucas.esteves,AALIL901001,TI2312.68D,TAMPA INJETADA 2312-68D,2,IP.23.55,Setup Liberação,161225A,
08/01/2026 10:22:28,IP0018,lucas.esteves,AALIL801001,TI23225.85DE,TAMPA INJETADA 23225-85DE,1,IP.23.01,Conector Exposto,151225A1,
08/01/2026 10:22:28,IP0018,lucas.esteves,AALIL801001,TI23225.85DE,TAMPA INJETADA 23225-85DE,2,IP.23.02,Cabo Exposto,151225A1,
08/01/2026 10:24:42,IP0020,lucas.esteves,AALIYM01001,I1801,SENSOR DE ROTACAO 1801 INJETADO,3,IP.18.25,Peça Falhada,,
08/01/2026 10:24:42,IP0020,lucas.esteves,AALIYM01001,I1801,SENSOR DE ROTACAO 1801 INJETADO,2,IP.18.25,Peça Falhada,,
08/01/2026 09:54:04,IP0012,lucas.esteves,AALIP801001,CI1908,CORPO INJETADO 1908,1,IP.19.37,Setup Produção,171225A,
08/01/2026 09:51:29,IP0008,lucas.esteves,AAHLPZ01003,CI1912,CORPO INJETADO 1912,6,IP.19.38,Setup Liberação,070126A,
08/01/2026 09:50:42,IP0007,lucas.esteves,AALIUH01001,TI23151.81DE,TAMPA INJETADA 23151-81DE,1,IP.23.02,Cabo Exposto,060126A,
08/01/2026 09:49:57,IP0008,lucas.esteves,AAHLPZ01003,CI1912,CORPO INJETADO 1912,2,IP.19.03,Conector Baixo,070126A,
08/01/2026 09:49:57,IP0008,lucas.esteves,AAHLPZ01003,CI1912,CORPO INJETADO 1912,1,IP.19.14,Peça Falhada,070126A,
08/01/2026 09:48:31,IP0007,lucas.esteves,AALIUH01001,TI23151.81DE,TAMPA INJETADA 23151-81DE,2,IP.23.01,Conector Exposto,060126A,
08/01/2026 09:47:23,IP0023,lucas.esteves,AAKNIY01001,CIC1806,CABO INJETADO CONECTOR 1806,4,IP.18.05,Conector Baixo,171225A,
08/01/2026 09:45:40,IP0029,lucas.esteves,AALIU901001,R1905,ROTOR 1905 INJETADO - PRETO,8,IP.19.02,Imã mal posicionado,151225A2,
08/01/2026 09:45:40,IP0029,lucas.esteves,AALIU901001,R1905,ROTOR 1905 INJETADO - PRETO,4,IP.19.14,Peça Falhada,151225A2,
08/01/2026 09:43:51,IP0030,lucas.esteves,AAJQR935001,CI1819,CARRETEL INJETADO 1819,2,IP.18.01,Conector Exposto,281125A,
08/01/2026 09:43:51,IP0030,lucas.esteves,AAJQR935001,CI1819,CARRETEL INJETADO 1819,3,IP.18.25,Peça Falhada,281125A,
08/01/2026 09:42:05,IP0030,lucas.esteves,AAKOFD01001,CI1818,CARRETEL INJETADO 1818,1,IP.18.07,Conector Amassado,281125A,
08/01/2026 09:42:05,IP0030,lucas.esteves,AAKOFD01001,CI1818,CARRETEL INJETADO 1818,4,IP.18.25,Peça Falhada,281125A,
08/01/2026 09:40:39,IP0033,lucas.esteves,AALHHH01001,37619,CORPO INJETADO 1712,1,IP.17.14,Peça Falhada,011225A,
08/01/2026 09:38:45,IP0026,lucas.esteves,AAKQXF01001,37561,CORPO INJETADO 1706,3,IP.17.14,Peça Falhada,151225A,
08/01/2026 09:33:57,IP0026,lucas.esteves,AAKQXF01001,37561,CORPO INJETADO 1706,3,IP.17.14,Peça Falhada,,
08/01/2026 09:26:51,IP0003,lucas.esteves,AALHC901001,BP2301,BRACO DO POTENCIOMETRO INJETADO 2301,1,IP.23.27,Peça Manchada,,
08/01/2026 09:26:51,IP0003,lucas.esteves,AALHC901001,BP2301,BRACO DO POTENCIOMETRO INJETADO 2301,2,IP.23.20,Finger Mal Posicionado,,
08/01/2026 09:26:51,IP0003,lucas.esteves,AALHC901001,BP2301,BRACO DO POTENCIOMETRO INJETADO 2301,12,IP.23.26,Peça Falhada,,
08/01/2026 09:00:02,IP0005,lucas.esteves,AAJNPR01001,69137,CORPO INJETADO 1719,1,IP.17.03,Conector Baixo,041225A,
08/01/2026 08:26:12,IP0019,lucas.esteves,AALHWW01001,TI2301.81DE,TAMPA INJETADA 2301-81DE,4,IP.23.53,Setup Produção,271125A1,
08/01/2026 08:26:12,IP0019,lucas.esteves,AALHWW01001,TI2301.81DE,TAMPA INJETADA 2301-81DE,8,IP.23.50,Peças Riscada,271125A1,
08/01/2026 08:26:12,IP0019,lucas.esteves,AALHWW01001,TI2301.81DE,TAMPA INJETADA 2301-81DE,23,IP.23.27,Peça Manchada,271125A1,
08/01/2026 08:22:29,IP0018,lucas.esteves,AALIL801001,TI23225.85DE,TAMPA INJETADA 23225-85DE,3,IP.23.01,Conector Exposto,151225A1,
08/01/2026 08:20:07,IP0022,lucas.esteves,AALIBK01001,TI2307.68D,TAMPA INJETADA 2307-68D,2,IP.23.27,Peça Manchada,111225A,
08/01/2026 08:20:07,IP0022,lucas.esteves,AALIBK01001,TI2307.68D,TAMPA INJETADA 2307-68D,2,IP.23.34,Excesso De Rebarba,111225A,
08/01/2026 08:12:06,IP0020,lucas.esteves,AALIYM01001,I1801,SENSOR DE ROTACAO 1801 INJETADO,3,IP.18.29,Peça Queimada,,
08/01/2026 07:25:37,IP0001,lucas.esteves,AALINM01001,I1809,SENSOR DE ROTACAO 1809 INJETADO,1,IP.18.29,Peça Queimada,,
07/01/2026 17:07:29,IP0008,lucas.esteves,AAHLPZ01003,CI1912,CORPO INJETADO 1912,2,IP.19.20,Peça Furada,070126A,
07/01/2026 17:07:29,IP0008,lucas.esteves,AAHLPZ01003,CI1912,CORPO INJETADO 1912,1,IP.19.01,Conector Exposto,070126A,
07/01/2026 16:57:08,IP0031,lucas.esteves,AAKRNJ08001,CIC30504M,CABO INJETADO CONECTOR 30504 MACHO,4,IP.30.71,Cabo fora de medida,070126A,
07/01/2026 15:08:37,IP0021,lucas.esteves,AAHI5501001,1302IG,PRE-FILTRO 1302 INJETADO GALHO,1,IP.13.36,Tela Rachada,031225A2,
07/01/2026 14:50:42,IP0026,lucas.esteves,AAKQXF01001,37561,CORPO INJETADO 1706,2,IP.17.37,Setup Produção,151225A,
07/01/2026 14:50:42,IP0026,lucas.esteves,AAKQXF01001,37561,CORPO INJETADO 1706,4,IP.17.14,Peça Falhada,151225A,
07/01/2026 14:35:05,IP0016,lucas.esteves,AALIL901001,TI2312.68D,TAMPA INJETADA 2312-68D,1,IP.23.01,Conector Exposto,161225A,
07/01/2026 14:32:15,IP0018,lucas.esteves,AALIL801001,TI23225.85DE,TAMPA INJETADA 23225-85DE,1,IP.23.03,Cabo Amassado,151225A1,
07/01/2026 14:32:15,IP0018,lucas.esteves,AALIL801001,TI23225.85DE,TAMPA INJETADA 23225-85DE,2,IP.23.01,Conector Exposto,151225A1,
07/01/2026 14:32:15,IP0018,lucas.esteves,AALIL801001,TI23225.85DE,TAMPA INJETADA 23225-85DE,5,IP.23.02,Cabo Exposto,151225A1,
07/01/2026 12:17:28,IP0011,lucas.esteves,AAJSHW01002,FT2433,FLANGE DO MODULO DE COMBUSTIVEL 2433 P/ INJ. ELETR. S/ EMB.,1,IP.24.07,Sem Dispositivo,101225A,
07/01/2026 12:15:43,IP0025,lucas.esteves,AALIG701001,FT2430,FLANGE DO MODULO DE COMBUSTIVEL 2430 P/ INJ. ELETR. S/ EMB.,1,IP.24.49,Setup Produção,161225A,
07/01/2026 11:13:08,IP0022,lucas.esteves,AALIBK01001,TI2307.68D,TAMPA INJETADA 2307-68D,2,IP.23.26,Peça Falhada,111225A,
07/01/2026 11:13:08,IP0022,lucas.esteves,AALIBK01001,TI2307.68D,TAMPA INJETADA 2307-68D,1,IP.23.27,Peça Manchada,111225A,
07/01/2026 11:56:32,IP0003,lucas.esteves,AALHC901001,BP2301,BRACO DO POTENCIOMETRO INJETADO 2301,6,IP.23.75,Finger vincado,,
07/01/2026 11:56:32,IP0003,lucas.esteves,AALHC901001,BP2301,BRACO DO POTENCIOMETRO INJETADO 2301,1,IP.23.39,Finger Amassado,,
07/01/2026 11:56:32,IP0003,lucas.esteves,AALHC901001,BP2301,BRACO DO POTENCIOMETRO INJETADO 2301,16,IP.23.26,Peça Falhada,,
07/01/2026 11:08:59,IP0020,lucas.esteves,AALINM01001,I1809,SENSOR DE ROTACAO 1809 INJETADO,3,IP.18.29,Peça Queimada,,
07/01/2026 09:42:21,IP0006,lucas.esteves,AAKLAH01001,TI2501,TAMPA INJETADA 2501,1,IP.25.12,Mancal Invertido,091225A,
07/01/2026 09:42:21,IP0006,lucas.esteves,AAKLAH01001,TI2501,TAMPA INJETADA 2501,2,IP.25.25,Excesso De Rebarba,091225A,
07/01/2026 09:39:09,IP0010,lucas.esteves,AAKRDZ02001,31945,ROTOR INJETADO 1601,22,IP.16.12,Peça Falhada,031225A,
07/01/2026 09:17:24,IP0007,lucas.esteves,AALIUH01001,TI23151.81DE,TAMPA INJETADA 23151-81DE,1,IP.23.01,Conector Exposto,060126A,
06/01/2026 15:40:34,IP0023,lucas.esteves,AAKNIY01001,CIC1806,CABO INJETADO CONECTOR 1806,4,IP.18.52,Setup Produção,171225A,
06/01/2026 15:40:34,IP0023,lucas.esteves,AAKNIY01001,CIC1806,CABO INJETADO CONECTOR 1806,1,IP.18.68,Conector Baixo,171225A,
06/01/2026 15:37:47,IP0006,lucas.esteves,AAKLAH01001,TI2501,TAMPA INJETADA 2501,2,IP.25.17,Peça Falhada,091225A,
06/01/2026 15:37:47,IP0006,lucas.esteves,AAKLAH01001,TI2501,TAMPA INJETADA 2501,2,IP.25.12,Mancal Invertido,091225A,
06/01/2026 15:37:47,IP0006,lucas.esteves,AAKLAH01001,TI2501,TAMPA INJETADA 2501,2,IP.25.25,Excesso De Rebarba,091225A,
06/01/2026 15:35:54,IP0019,lucas.esteves,AALHWW01001,TI2301.81DE,TAMPA INJETADA 2301-81DE,6,IP.23.27,Peça Manchada,271125A1,
06/01/2026 15:35:54,IP0019,lucas.esteves,AALHWW01001,TI2301.81DE,TAMPA INJETADA 2301-81DE,8,IP.23.53,Setup Produção,271125A1,
06/01/2026 15:33:58,IP0030,lucas.esteves,AAJQR935001,CI1819,CARRETEL INJETADO 1819,2,IP.18.52,Setup Produção,281125A,
06/01/2026 15:33:58,IP0030,lucas.esteves,AAJQR935001,CI1819,CARRETEL INJETADO 1819,2,IP.18.52,Setup Produção,281125A,
06/01/2026 15:31:15,IP0030,lucas.esteves,AAKOFD01001,CI1818,CARRETEL INJETADO 1818,2,IP.18.52,Setup Produção,281125A,
06/01/2026 15:29:56,IP0013,lucas.esteves,AAJQR932001,CI1601,CONECTOR INJETADO 1601,2,IP.16.03,Conector Amassado,140825A1,
06/01/2026 15:27:36,IP0033,lucas.esteves,AALHHH01001,37619,CORPO INJETADO 1712,2,IP.17.37,Setup Produção,011225A,
06/01/2026 15:26:15,IP0026,lucas.esteves,AAKQXF01001,37561,CORPO INJETADO 1706,5,IP.17.14,Peça Falhada,151225A,
